Date,Gold_INR_per_10g,Silver_INR_per_1kg,Platinum_INR_per_10g,Diamond_Price_Index_INR
2021-01-01,48397.37,61699.94,30708.85,99200.36
2021-01-02,47898.55,62357.21,29895.76,99508.15
2021-01-03,48536.47,62333.94,32283.1,99486.69
2021-01-04,49245.9,61871.16,31634.94,98602.85
2021-01-05,47849.32,63016.07,29898.85,97160.97
2021-01-06,47858.49,63006.07,29957.89,99119.01
2021-01-07,49318.33,59966.42,30735.7,100435.54
2021-01-08,48678.06,63640.64,31237.48,98147.45
2021-01-09,47697.7,60091.22,28905.1,100217.49
2021-01-10,48516.48,63336.04,28807.73,103068.61
2021-01-11,47720.86,63459.8,29629.23,101777.04
2021-01-12,47728.17,60809.37,30479.04,102732.01
2021-01-13,48303.48,61636.33,30425.4,100877.64
2021-01-14,46588.45,60813.24,30832.89,102066.46
2021-01-15,46748.3,61892.96,29250.73,99253.49
2021-01-16,47687.56,61792.0,28475.68,99397.17
2021-01-17,47336.29,63108.01,30704.06,96279.22
2021-01-18,48407.11,63755.56,29530.18,102191.39
2021-01-19,47438.45,63868.79,28703.44,102746.91
2021-01-20,47044.19,61530.14,30224.39,99630.9
2021-01-21,49355.71,61964.45,30684.53,100103.99
2021-01-22,48011.73,60206.17,30050.34,99378.37
2021-01-23,48255.53,61270.02,29821.75,101107.39
2021-01-24,47070.87,63405.67,30037.15,102245.05
2021-01-25,47784.32,64197.32,29895.76,97967.74
2021-01-26,48317.73,60788.18,29218.0,101220.3
2021-01-27,47317.35,61569.22,29667.83,100215.38
2021-01-28,48547.86,62259.26,30539.46,100824.73
2021-01-29,47775.95,62637.92,30406.21,101367.37
2021-01-30,48032.27,61340.98,30305.14,100420.82
2021-01-31,47793.42,62832.15,29497.36,100571.99
2021-02-01,49765.77,61765.44,30073.38,100430.8
2021-02-02,48282.31,62327.48,28682.95,102231.34
2021-02-03,47456.09,63011.14,30338.3,101428.25
2021-02-04,48969.46,62374.09,31220.03,101155.23
2021-02-05,47343.91,61853.49,29194.4,98942.17
2021-02-06,48496.83,62256.4,29822.61,100304.98
2021-02-07,46771.16,62292.67,30469.6,102245.09
2021-02-08,47285.51,61965.47,31122.68,100977.88
2021-02-09,48514.71,62109.7,29938.4,101934.88
2021-02-10,48957.15,64349.41,29774.05,103619.6
2021-02-11,48512.63,63114.91,28886.84,102551.98
2021-02-12,48292.18,62098.01,30343.96,101158.06
2021-02-13,48152.97,63299.71,31707.47,100276.08
2021-02-14,47220.2,62073.55,30478.63,97236.49
2021-02-15,47836.3,63892.66,30275.35,100838.48
2021-02-16,48052.83,62939.26,30522.87,100626.28
2021-02-17,49276.19,62377.7,30296.11,101725.1
2021-02-18,48714.55,63054.5,29741.23,100932.94
2021-02-19,47038.38,60642.97,30893.11,100707.46
2021-02-20,48717.24,61186.67,30481.31,98543.19
2021-02-21,48159.07,61116.86,30342.07,99826.58
2021-02-22,47934.76,62731.88,29653.45,101975.75
2021-02-23,48974.79,64650.14,31255.13,103858.88
2021-02-24,49319.41,65259.46,30814.43,101162.98
2021-02-25,49248.8,63358.33,29968.56,101825.23
2021-02-26,47841.56,63204.46,31063.35,102786.48
2021-02-27,48274.72,60452.95,30020.23,100165.66
2021-02-28,48796.26,61973.79,29827.6,101956.47
2021-03-01,49320.85,61690.44,29849.67,100319.76
2021-03-02,48166.23,61901.53,29148.18,102751.98
2021-03-03,48410.2,62455.56,30724.48,101706.09
2021-03-04,47682.82,62101.59,29119.06,101950.91
2021-03-05,47620.08,60303.72,29547.42,100353.58
2021-03-06,49236.23,63587.15,28960.88,102612.27
2021-03-07,49680.36,61413.14,30360.01,104703.04
2021-03-08,48546.92,62998.3,30321.5,100088.35
2021-03-09,49416.51,65210.88,30204.5,101114.82
2021-03-10,48912.15,61629.5,29709.85,101996.12
2021-03-11,48115.91,59707.19,29625.56,102852.56
2021-03-12,48930.28,62411.11,30777.65,100857.88
2021-03-13,49880.75,64086.24,30073.67,97471.9
2021-03-14,48630.82,65125.88,30686.97,103784.47
2021-03-15,49920.36,61311.18,29852.31,102910.69
2021-03-16,46582.01,63393.45,30605.19,99179.76
2021-03-17,49344.48,62249.82,31397.21,100907.07
2021-03-18,48765.76,62691.83,30901.7,104194.95
2021-03-19,48466.07,66002.95,30209.16,104038.61
2021-03-20,48787.85,61036.95,30684.35,103299.12
2021-03-21,47133.54,63155.78,30342.31,101651.24
2021-03-22,48557.02,63423.3,30522.76,102064.14
2021-03-23,49027.61,64175.79,30295.78,101767.51
2021-03-24,49933.39,63001.2,30415.14,103680.51
2021-03-25,48345.62,63264.06,30685.1,100698.63
2021-03-26,48122.6,62435.19,29847.75,100827.94
2021-03-27,48377.15,63238.9,29838.45,103576.3
2021-03-28,49520.04,62514.89,29584.05,102018.59
2021-03-29,49059.88,63683.39,29442.31,104177.08
2021-03-30,48382.23,62504.74,29716.87,101126.35
2021-03-31,49225.81,63411.57,30687.05,102075.7
2021-04-01,48902.02,62934.71,29956.95,100798.49
2021-04-02,49608.43,64331.86,30947.89,102217.4
2021-04-03,48281.03,62929.71,30619.13,100012.78
2021-04-04,48589.7,60874.52,29223.34,101523.4
2021-04-05,48547.3,64527.24,31066.24,100124.71
2021-04-06,47699.34,61936.83,31181.78,103344.23
2021-04-07,49116.21,62249.96,29924.99,103402.47
2021-04-08,49097.31,62330.47,30921.29,99756.44
2021-04-09,48901.72,64705.36,30034.07,104376.91
2021-04-10,48719.12,60504.0,30708.46,106146.45
2021-04-11,47783.65,66842.88,29761.4,102493.58
2021-04-12,48588.59,64355.63,29397.84,101487.14
2021-04-13,48660.1,63367.02,30391.51,106709.56
2021-04-14,48301.6,63044.04,30579.34,100518.85
2021-04-15,48823.56,63463.35,30394.04,102551.71
2021-04-16,49284.99,63756.81,29850.06,102815.23
2021-04-17,50479.85,63916.5,30405.42,104587.76
2021-04-18,49119.73,63819.74,30880.32,103133.9
2021-04-19,49195.26,63271.29,30666.85,101870.58
2021-04-20,48938.83,62937.76,30832.49,101216.0
2021-04-21,47472.53,63003.82,30242.13,102154.29
2021-04-22,48995.49,62962.23,31537.87,101180.88
2021-04-23,49074.05,64567.42,29900.82,102787.26
2021-04-24,51005.62,63929.94,31071.9,101893.47
2021-04-25,48890.29,59699.98,31564.39,100522.95
2021-04-26,49294.58,64026.31,31080.17,104670.97
2021-04-27,49034.73,63483.68,30608.23,102065.99
2021-04-28,48136.72,63238.33,30386.66,100934.54
2021-04-29,49995.08,62805.33,31488.19,102608.6
2021-04-30,49691.52,64631.26,29773.31,102987.79
2021-05-01,49731.96,64430.14,30096.78,100289.78
2021-05-02,48380.79,62376.43,30504.04,103431.2
2021-05-03,50239.69,63803.12,31655.15,101387.24
2021-05-04,48005.14,62159.44,31061.1,105548.76
2021-05-05,49605.26,61680.67,30124.09,103792.41
2021-05-06,50897.3,62594.92,30590.97,102430.86
2021-05-07,48361.67,64392.63,30384.63,101937.21
2021-05-08,48710.22,64512.28,30324.27,102921.75
2021-05-09,49252.13,63995.01,31512.81,104022.63
2021-05-10,48778.79,64260.2,29873.83,103089.45
2021-05-11,47950.2,64020.28,31966.66,102826.2
2021-05-12,49254.74,62641.86,31426.74,103263.74
2021-05-13,48359.21,63940.72,31617.05,102294.64
2021-05-14,49597.09,64393.68,30535.86,102709.87
2021-05-15,48491.83,64349.12,30761.42,100120.23
2021-05-16,50476.48,64881.44,29869.64,104733.76
2021-05-17,48619.09,64315.48,30512.05,103745.61
2021-05-18,48997.2,63898.03,31231.33,102161.48
2021-05-19,49914.82,64771.25,31799.49,106194.01
2021-05-20,48288.48,63466.02,30123.7,103500.68
2021-05-21,49464.3,62450.37,30649.32,101840.18
2021-05-22,50337.2,63323.72,30805.73,104703.75
2021-05-23,48014.66,62636.29,29941.05,104039.96
2021-05-24,49457.51,62730.73,31338.51,104059.0
2021-05-25,49526.87,63378.3,30424.24,102852.75
2021-05-26,49953.58,62611.6,30800.73,104191.37
2021-05-27,48347.72,63203.72,30627.6,103147.23
2021-05-28,48290.08,61311.71,30397.89,104398.03
2021-05-29,49773.16,63850.78,30951.97,100730.95
2021-05-30,49602.35,63607.05,30812.44,102961.8
2021-05-31,49574.32,62635.87,30709.53,106220.09
2021-06-01,49660.24,64418.25,30466.37,102510.5
2021-06-02,48848.22,64763.02,31206.43,102779.59
2021-06-03,49587.2,61719.64,32146.76,103037.65
2021-06-04,49645.02,62744.21,31093.61,101911.63
2021-06-05,48848.24,62747.29,31699.44,100445.66
2021-06-06,50921.5,62553.15,30035.47,103436.45
2021-06-07,49817.11,64687.18,31125.52,104010.36
2021-06-08,48494.16,63469.99,30253.39,103752.06
2021-06-09,49981.6,63395.94,29994.17,103637.75
2021-06-10,48685.77,61319.5,30516.92,103943.87
2021-06-11,50104.34,64497.42,31875.28,105437.82
2021-06-12,50410.71,62258.58,31712.42,103642.13
2021-06-13,48836.45,63828.38,31223.98,103090.92
2021-06-14,50272.86,64100.09,29987.45,103554.6
2021-06-15,49841.54,65410.81,30929.41,104869.56
2021-06-16,50178.12,62218.21,31284.47,106142.82
2021-06-17,51047.07,60176.15,31202.62,103106.81
2021-06-18,49342.48,64030.96,29795.55,104221.68
2021-06-19,48944.96,65981.73,30469.45,104605.06
2021-06-20,48845.5,65318.63,31054.28,102632.9
2021-06-21,48913.62,64094.26,31481.01,104176.64
2021-06-22,49513.75,63263.48,29574.78,101971.75
2021-06-23,49857.51,64832.77,31005.05,101540.93
2021-06-24,49815.1,62706.74,31225.13,104768.87
2021-06-25,50264.66,64457.41,31726.19,103667.18
2021-06-26,49622.47,64503.12,31622.93,104570.66
2021-06-27,50784.06,65179.58,31552.2,104264.64
2021-06-28,49418.66,67229.7,30590.9,102851.13
2021-06-29,51815.68,64399.78,29821.73,104272.1
2021-06-30,50149.24,63328.9,30888.66,102514.57
2021-07-01,48972.14,63919.74,31871.4,106474.93
2021-07-02,48810.31,61838.32,32152.14,102378.76
2021-07-03,50062.16,63138.33,31680.57,104143.28
2021-07-04,49506.57,63491.62,31490.19,102897.8
2021-07-05,50265.7,63364.63,31461.87,105341.08
2021-07-06,50082.25,64187.14,30813.3,104012.55
2021-07-07,49654.56,63028.18,31118.01,103755.94
2021-07-08,49044.55,65371.1,32383.87,105837.99
2021-07-09,48519.26,64036.89,30562.19,104626.58
2021-07-10,49383.09,64036.25,32358.79,105381.65
2021-07-11,50434.58,63664.72,31009.49,103158.94
2021-07-12,49929.9,64255.19,32169.18,102547.95
2021-07-13,48771.19,65069.86,30263.07,104840.23
2021-07-14,49915.48,63049.96,31664.44,104225.39
2021-07-15,50094.35,63311.55,30745.04,105667.56
2021-07-16,49088.17,63747.6,30276.55,104632.29
2021-07-17,49927.4,62507.8,31426.68,105084.01
2021-07-18,49860.14,63150.51,31986.8,102365.57
2021-07-19,48908.36,63572.93,30695.18,107657.55
2021-07-20,50118.13,65204.44,30243.79,104602.77
2021-07-21,50289.68,64481.02,31235.28,105919.76
2021-07-22,50716.66,64409.03,31244.83,103643.49
2021-07-23,50702.42,65208.58,31696.32,105383.89
2021-07-24,48766.4,64033.43,31983.68,102991.85
2021-07-25,49127.43,64677.61,31283.84,105648.47
2021-07-26,50298.88,64095.96,32630.75,104460.65
2021-07-27,50307.04,64549.04,31495.33,105062.64
2021-07-28,50317.21,63542.07,31102.33,106090.06
2021-07-29,52996.52,61325.57,30223.2,103218.54
2021-07-30,50380.2,64101.8,31173.9,104064.86
2021-07-31,50841.1,65981.0,31128.75,105801.83
2021-08-01,50705.01,65395.94,32042.9,108287.42
2021-08-02,50472.08,65453.74,31700.89,104957.21
2021-08-03,49707.91,65789.39,30558.06,106075.28
2021-08-04,50576.46,64423.2,31510.66,105052.37
2021-08-05,49360.19,64564.37,31866.62,108150.44
2021-08-06,49798.15,63597.18,32472.64,102640.48
2021-08-07,49608.48,63969.85,32030.74,105427.49
2021-08-08,50071.43,65098.84,31948.54,102871.49
2021-08-09,51866.81,65815.35,31464.47,101574.19
2021-08-10,48530.43,64214.13,31700.7,105804.49
2021-08-11,50582.41,63852.01,32310.0,105591.79
2021-08-12,48752.39,64403.65,30508.87,104979.53
2021-08-13,49674.18,65135.24,31203.67,105271.74
2021-08-14,50932.04,62691.94,30913.94,110102.73
2021-08-15,50121.47,61679.93,31726.61,105092.26
2021-08-16,49217.01,63785.48,32328.83,106268.96
2021-08-17,49516.12,62992.04,31056.26,104553.97
2021-08-18,50641.2,63857.9,29807.39,105995.11
2021-08-19,49522.39,64301.11,31198.51,105219.16
2021-08-20,50289.01,63945.33,32132.97,104984.98
2021-08-21,50161.46,66242.96,31876.34,108353.35
2021-08-22,49612.88,64902.87,31806.2,107415.02
2021-08-23,51858.47,64882.12,31316.94,105878.61
2021-08-24,50659.61,65278.98,30624.08,102241.42
2021-08-25,48541.52,63176.5,31886.57,105180.47
2021-08-26,50319.96,65800.81,30948.33,109800.77
2021-08-27,49650.53,64473.74,33067.66,105424.48
2021-08-28,50871.06,65380.01,31944.61,107449.55
2021-08-29,49564.26,63299.98,31145.27,107981.88
2021-08-30,50115.65,62732.47,31130.22,106171.66
2021-08-31,50620.58,65589.23,31499.59,104604.72
2021-09-01,50918.36,65070.23,31403.47,102238.73
2021-09-02,49274.68,63546.85,32359.37,106942.19
2021-09-03,49976.47,63596.49,31714.54,104718.06
2021-09-04,49873.28,66001.38,31078.38,106228.67
2021-09-05,49739.73,63234.34,32920.29,104113.95
2021-09-06,51683.92,66643.62,31637.96,105615.07
2021-09-07,50604.7,63602.44,32148.1,106087.76
2021-09-08,49281.16,65460.04,31190.62,106464.31
2021-09-09,51033.32,64310.4,31877.03,104413.43
2021-09-10,52005.91,65439.34,31847.09,107905.28
2021-09-11,51143.32,64073.36,30313.02,105238.82
2021-09-12,49111.01,64541.72,33052.93,103646.7
2021-09-13,49948.28,64796.95,32552.16,106019.12
2021-09-14,51358.36,63556.0,31377.14,106258.46
2021-09-15,49787.85,65658.39,30890.05,106472.03
2021-09-16,50718.2,64164.32,31911.4,108298.59
2021-09-17,50992.01,64516.63,31735.26,105924.96
2021-09-18,49639.92,63608.5,31930.0,106124.45
2021-09-19,50343.0,61737.7,31821.6,104673.35
2021-09-20,47806.77,64594.04,32048.33,107583.2
2021-09-21,49589.43,67729.19,32713.55,106653.08
2021-09-22,50216.05,65786.35,32104.57,105770.82
2021-09-23,49429.04,64832.49,30978.6,103568.1
2021-09-24,51742.35,64550.91,32673.62,108615.97
2021-09-25,49301.47,64904.11,32874.72,104632.08
2021-09-26,50102.71,65544.47,33939.2,105610.93
2021-09-27,50568.49,63481.73,30952.78,107059.61
2021-09-28,51626.08,66246.67,31915.71,104751.5
2021-09-29,49333.53,65778.72,30294.69,104330.32
2021-09-30,51421.91,65792.86,32145.83,103408.91
2021-10-01,50508.73,65467.98,31381.35,107700.57
2021-10-02,49724.49,64976.13,33117.96,105825.54
2021-10-03,50888.54,65770.8,31235.79,111058.47
2021-10-04,50687.26,65684.31,30602.05,105200.28
2021-10-05,50057.0,64560.06,31461.06,105333.88
2021-10-06,50602.18,64307.37,30414.57,105892.21
2021-10-07,50247.24,65128.69,32329.65,107129.25
2021-10-08,50655.47,66876.07,30364.79,106083.49
2021-10-09,51103.52,63541.09,31836.73,107731.54
2021-10-10,51851.79,63277.76,30368.81,105369.4
2021-10-11,49601.88,65247.28,31605.53,104789.14
2021-10-12,52307.72,65121.41,32986.57,104188.45
2021-10-13,49048.78,65279.13,32095.13,103574.66
2021-10-14,50498.18,65374.64,31244.69,106157.16
2021-10-15,51099.43,64824.83,31833.76,106507.04
2021-10-16,50862.72,66891.28,31874.68,106035.6
2021-10-17,50148.93,63193.14,32199.38,108872.11
2021-10-18,50489.75,64130.8,30918.2,108873.3
2021-10-19,50271.01,65011.87,32296.26,106553.29
2021-10-20,50203.08,63174.73,29994.86,104388.86
2021-10-21,51363.41,64946.3,31453.48,106253.93
2021-10-22,50978.5,67161.87,31559.07,106228.5
2021-10-23,50147.72,65203.94,32350.66,106166.78
2021-10-24,51430.89,65466.5,31929.63,106130.15
2021-10-25,50966.21,63688.23,30936.36,106220.78
2021-10-26,51379.82,64471.57,31237.23,106645.4
2021-10-27,51242.39,64771.75,32072.27,106296.15
2021-10-28,50084.65,64851.5,31884.31,107586.19
2021-10-29,50308.86,66781.51,31540.73,107838.51
2021-10-30,51364.0,65923.54,31616.0,105956.23
2021-10-31,51263.62,63931.34,32446.37,109253.04
2021-11-01,50767.76,65571.67,31603.13,105900.6
2021-11-02,50887.5,65884.5,31910.32,104968.23
2021-11-03,51824.93,66665.59,33497.4,107990.35
2021-11-04,50338.7,67204.84,30988.34,106217.31
2021-11-05,51258.8,64100.85,30695.09,107949.61
2021-11-06,50668.53,64356.71,32546.36,103886.42
2021-11-07,50665.29,63831.42,31529.26,109604.85
2021-11-08,51727.62,65070.47,31788.01,108548.85
2021-11-09,51518.09,65921.7,31470.43,105313.94
2021-11-10,51517.73,66557.65,31841.85,105370.74
2021-11-11,51920.46,65292.48,33149.15,110121.55
2021-11-12,50902.04,65010.58,32598.13,106531.32
2021-11-13,51439.96,65587.28,32646.66,106410.36
2021-11-14,50655.34,64413.78,31058.21,104286.81
2021-11-15,51172.05,67934.17,31250.23,107183.96
2021-11-16,50817.76,63508.31,30075.14,107392.8
2021-11-17,51008.63,65669.96,31502.4,108831.86
2021-11-18,51416.32,67887.38,32745.12,105684.25
2021-11-19,50294.78,65477.99,32443.76,105526.68
2021-11-20,52632.42,65252.56,31933.3,108507.8
2021-11-21,50162.86,65062.44,32079.22,109365.7
2021-11-22,50005.48,65285.69,31619.07,105523.12
2021-11-23,51912.48,67160.35,32251.09,109526.37
2021-11-24,51628.48,62869.47,32650.34,107984.65
2021-11-25,51503.61,67374.6,30989.57,109590.29
2021-11-26,51516.15,63836.51,32336.91,107871.5
2021-11-27,51012.83,65236.05,32786.33,104217.66
2021-11-28,50313.99,65051.72,31849.52,107797.37
2021-11-29,51101.59,66283.85,32637.04,109639.78
2021-11-30,50508.38,63670.61,34123.28,106733.2
2021-12-01,51839.36,66153.75,32086.44,107516.11
2021-12-02,50950.78,68039.09,32441.26,107858.11
2021-12-03,50417.19,63984.88,31655.77,103797.28
2021-12-04,50829.64,65859.11,32305.76,110677.82
2021-12-05,51426.25,64847.86,32507.53,106842.98
2021-12-06,50654.09,66164.08,32328.2,108977.89
2021-12-07,50456.45,65686.77,31484.49,108113.48
2021-12-08,51318.33,64904.78,32349.19,110154.21
2021-12-09,51328.52,66270.79,33234.74,108901.11
2021-12-10,50736.15,67861.34,32531.72,107963.89
2021-12-11,50774.03,65477.81,32897.53,107000.24
2021-12-12,51345.66,66581.38,32064.7,109561.54
2021-12-13,50010.71,64176.52,32762.0,105578.85
2021-12-14,50052.37,64591.5,32439.02,109382.09
2021-12-15,50612.74,66316.89,31584.36,106788.93
2021-12-16,51025.9,67541.72,32479.43,110340.17
2021-12-17,51454.55,66198.29,31568.74,108727.94
2021-12-18,52395.26,65406.66,31826.38,109476.42
2021-12-19,51910.27,65792.25,32408.39,108657.47
2021-12-20,51105.35,64303.39,32490.4,105930.16
2021-12-21,51227.24,66540.07,31456.33,107291.88
2021-12-22,50449.59,66884.23,33033.05,109615.8
2021-12-23,51245.97,65293.7,32702.13,108881.45
2021-12-24,51039.01,65282.93,31814.88,110427.2
2021-12-25,51537.27,66176.81,31238.35,109284.87
2021-12-26,50626.47,65344.47,32219.69,107254.15
2021-12-27,51712.89,65799.95,32015.43,107534.35
2021-12-28,52532.76,68409.75,32413.25,108907.07
2021-12-29,51228.72,65604.43,32086.34,105305.87
2021-12-30,51646.26,65481.63,30941.76,111311.35
2021-12-31,51886.17,65145.36,32081.61,109488.05
2022-01-01,51022.23,66826.22,32145.98,110690.23
2022-01-02,51531.64,65726.5,32809.94,106503.02
2022-01-03,51371.6,65175.49,31884.11,110765.02
2022-01-04,51448.83,67551.08,33554.38,112269.66
2022-01-05,50761.44,67679.82,31047.63,106965.34
2022-01-06,51408.62,65266.56,33310.06,110128.01
2022-01-07,51796.57,63758.0,32241.68,108996.82
2022-01-08,52568.24,67217.64,33006.88,106702.75
2022-01-09,52183.9,65197.84,32467.5,109782.97
2022-01-10,53148.19,66978.92,33215.79,110318.29
2022-01-11,50820.93,63676.82,32153.42,108190.44
2022-01-12,52141.82,67122.84,31662.0,110865.25
2022-01-13,51599.8,64609.09,33431.85,106640.48
2022-01-14,53214.13,66950.19,32364.53,106922.74
2022-01-15,50824.81,66101.18,32605.52,109394.01
2022-01-16,50808.83,64950.1,33321.22,109251.44
2022-01-17,51010.25,65617.16,31740.99,108162.75
2022-01-18,49799.81,66939.96,32886.67,110476.25
2022-01-19,51087.48,66254.23,32063.37,110082.44
2022-01-20,50909.94,66839.23,32390.24,110597.55
2022-01-21,51646.72,68520.44,32539.82,109149.89
2022-01-22,51808.97,64282.39,31445.53,110262.71
2022-01-23,53045.66,68110.91,31956.97,108714.61
2022-01-24,52314.22,66306.26,33454.37,112488.06
2022-01-25,51101.52,65113.27,33135.42,108212.75
2022-01-26,50853.47,64606.21,32477.7,112613.77
2022-01-27,51974.89,65986.42,32698.2,109532.4
2022-01-28,50534.33,67330.12,32328.51,107441.04
2022-01-29,53064.84,66081.85,33490.56,111580.68
2022-01-30,52552.39,68059.08,32407.17,109741.65
2022-01-31,51242.66,64515.05,32716.17,110853.73
2022-02-01,50256.65,66252.73,33362.57,111437.08
2022-02-02,52719.41,64775.15,32022.65,110132.47
2022-02-03,51553.84,66725.15,33664.43,108761.42
2022-02-04,52644.89,67363.83,31508.42,111137.6
2022-02-05,50388.25,65805.43,33726.96,109699.41
2022-02-06,51193.45,63196.06,32331.8,110751.31
2022-02-07,51686.31,66570.63,32429.25,106516.17
2022-02-08,51728.86,66866.76,31282.6,110441.49
2022-02-09,51340.38,66838.6,32293.71,108837.38
2022-02-10,52207.87,67847.16,31890.67,112299.47
2022-02-11,50864.65,65089.74,32199.65,110778.38
2022-02-12,51614.01,67202.04,32535.35,110227.78
2022-02-13,51833.31,67827.56,33308.39,110621.71
2022-02-14,52157.78,64273.02,32789.72,108418.83
2022-02-15,52324.68,66801.69,32866.24,112375.62
2022-02-16,50864.83,65823.86,31890.46,112952.03
2022-02-17,50546.42,66341.83,32047.27,110578.59
2022-02-18,52805.01,66867.64,33929.37,112399.08
2022-02-19,52057.88,65876.53,32162.08,109183.99
2022-02-20,51202.4,65661.13,33842.54,108866.29
2022-02-21,53051.27,66523.74,32519.51,110147.59
2022-02-22,51912.04,65188.84,32697.72,110762.86
2022-02-23,52772.1,65201.32,33451.84,109543.72
2022-02-24,51891.84,67330.33,33599.38,110965.6
2022-02-25,53495.58,65147.31,32637.95,110642.77
2022-02-26,53260.41,67336.21,32450.21,108709.98
2022-02-27,51666.13,67102.52,32689.3,111009.87
2022-02-28,52651.72,64487.22,32971.48,111551.22
2022-03-01,52399.92,65755.89,33365.29,110537.38
2022-03-02,52987.69,68012.67,32750.81,112033.39
2022-03-03,51130.0,65413.12,33187.53,108502.56
2022-03-04,52459.94,66044.01,33907.63,111054.84
2022-03-05,52767.0,67166.54,33034.16,108621.73
2022-03-06,50522.43,67562.91,32991.86,108730.28
2022-03-07,50991.97,66331.77,31716.93,109479.25
2022-03-08,50316.35,65927.38,30945.13,109036.8
2022-03-09,51741.37,68362.02,33064.97,109652.14
2022-03-10,52540.09,68752.63,32733.19,110177.16
2022-03-11,53177.1,67851.35,32445.69,111778.36
2022-03-12,52043.65,66789.88,32982.97,110065.14
2022-03-13,53296.43,65728.36,32776.68,108192.68
2022-03-14,50898.61,65712.52,33614.88,112305.47
2022-03-15,50649.15,67346.84,32892.17,109363.98
2022-03-16,51976.57,67232.68,32315.52,110555.78
2022-03-17,52337.42,68423.3,33537.94,111337.91
2022-03-18,52013.18,67532.7,32699.3,110991.76
2022-03-19,50394.54,64959.23,33226.33,112357.86
2022-03-20,51986.35,68036.04,32530.04,111459.35
2022-03-21,51023.23,65586.81,32415.81,109473.12
2022-03-22,52611.71,66334.49,32936.07,114057.18
2022-03-23,52378.41,67106.27,32892.6,111105.08
2022-03-24,51342.38,69211.61,33225.97,110616.81
2022-03-25,51692.35,70559.49,32708.5,112307.96
2022-03-26,51265.24,67566.43,31617.57,111260.49
2022-03-27,52071.62,66629.3,32606.54,111509.4
2022-03-28,52895.04,67501.32,33471.62,114673.08
2022-03-29,51351.51,67935.88,32714.25,110546.37
2022-03-30,52552.48,66496.66,32756.41,110506.66
2022-03-31,51734.2,69046.5,33625.81,111182.41
2022-04-01,51533.27,67179.1,32443.43,112639.06
2022-04-02,52091.1,67511.08,31868.31,108796.23
2022-04-03,51357.69,67723.68,32842.3,108131.95
2022-04-04,51752.12,67441.25,32622.29,110223.85
2022-04-05,51245.9,67952.85,32291.3,108677.89
2022-04-06,53785.14,66216.19,32851.37,110515.77
2022-04-07,52250.73,66297.71,33324.66,111931.01
2022-04-08,51671.9,65658.26,32980.57,109865.39
2022-04-09,52412.02,67516.63,33208.42,109085.51
2022-04-10,52160.14,67934.72,34269.39,111354.01
2022-04-11,52082.38,67560.1,32766.45,112568.06
2022-04-12,52759.65,69030.94,33207.78,108756.03
2022-04-13,52883.48,67025.61,32662.95,112553.09
2022-04-14,51862.24,67845.59,32433.41,112572.94
2022-04-15,51835.14,65743.84,32622.89,112802.36
2022-04-16,52084.92,66600.14,32703.66,113223.19
2022-04-17,50472.58,67910.08,33296.89,114722.74
2022-04-18,51111.12,68105.13,34696.08,110909.83
2022-04-19,53425.93,66744.22,32556.96,111632.57
2022-04-20,53657.57,67021.84,32773.02,110867.8
2022-04-21,52151.53,65297.09,33026.93,111519.67
2022-04-22,52821.16,66700.88,33354.65,113840.26
2022-04-23,52618.07,68208.55,33268.54,109547.67
2022-04-24,54841.34,67841.11,33989.38,110297.87
2022-04-25,53283.05,67762.44,31398.51,113679.46
2022-04-26,52294.22,67232.14,31432.6,113167.99
2022-04-27,51641.28,67191.67,32762.8,111117.48
2022-04-28,51129.71,66401.58,33884.49,112968.03
2022-04-29,52586.8,68043.34,32026.89,112222.49
2022-04-30,51828.11,67720.68,31023.97,113985.33
2022-05-01,51304.55,67816.72,33535.6,111870.92
2022-05-02,51934.25,66605.83,33312.8,113321.85
2022-05-03,51595.43,64663.83,32385.56,115770.67
2022-05-04,53819.54,68575.2,32465.29,112729.05
2022-05-05,53184.3,66694.79,32482.82,111930.13
2022-05-06,52481.77,66244.84,33245.48,112964.06
2022-05-07,53681.26,68123.12,32736.15,111356.71
2022-05-08,52568.36,66831.31,33526.88,115510.83
2022-05-09,51826.6,68584.42,31189.26,112223.23
2022-05-10,53743.28,68063.68,32594.17,111567.97
2022-05-11,52965.07,68154.33,32412.19,110748.08
2022-05-12,51713.31,65705.68,33027.46,113671.69
2022-05-13,52399.99,68809.94,32836.73,113350.89
2022-05-14,51860.93,67679.88,33778.32,111328.32
2022-05-15,51464.34,66934.02,31924.76,112963.28
2022-05-16,53320.68,67560.0,33264.6,109860.01
2022-05-17,54116.43,65267.22,33630.06,112424.55
2022-05-18,51479.21,67899.87,34545.34,112850.47
2022-05-19,53057.6,66185.01,32914.92,114756.58
2022-05-20,52095.87,65807.83,33485.74,111063.6
2022-05-21,52235.84,65614.98,32002.38,110326.54
2022-05-22,52160.78,68787.81,31597.18,110925.18
2022-05-23,51952.67,66708.25,33869.36,110287.71
2022-05-24,52691.83,69314.61,33280.59,114321.8
2022-05-25,51997.42,66841.95,34115.91,114664.01
2022-05-26,52887.7,65446.86,32336.03,112845.63
2022-05-27,52640.31,66166.64,33667.81,114221.49
2022-05-28,52498.5,69000.22,34618.52,112614.73
2022-05-29,51972.76,67340.94,33610.6,112295.37
2022-05-30,52246.56,66880.85,33516.88,111962.73
2022-05-31,53321.45,67741.59,33335.73,112020.94
2022-06-01,53127.03,68162.48,32236.59,110189.07
2022-06-02,51953.41,68912.0,34291.57,112931.4
2022-06-03,52824.08,69320.1,32921.54,112498.77
2022-06-04,53354.88,67160.95,33708.74,113701.55
2022-06-05,51427.41,66012.19,32267.94,112748.04
2022-06-06,53206.78,67118.07,32542.91,112387.95
2022-06-07,52251.15,67937.34,34379.56,111349.46
2022-06-08,53246.89,66479.27,33138.35,112788.73
2022-06-09,52188.96,66497.97,34405.22,113812.1
2022-06-10,51364.82,68069.87,33339.64,111013.98
2022-06-11,51515.85,67609.72,32111.53,112884.44
2022-06-12,52865.52,67718.24,34031.77,113127.04
2022-06-13,53043.98,66779.46,33000.87,111724.63
2022-06-14,52121.91,67423.95,33909.34,111944.19
2022-06-15,53365.4,66602.13,33444.37,113196.13
2022-06-16,51534.47,68790.22,32353.01,111174.33
2022-06-17,52819.98,68975.06,33554.66,113423.59
2022-06-18,51913.19,65528.11,34983.48,111579.92
2022-06-19,52369.69,66638.9,33797.68,114541.48
2022-06-20,52938.24,65969.25,33418.79,116478.19
2022-06-21,52221.15,66995.83,34218.26,111704.55
2022-06-22,52611.0,67686.51,33619.45,113821.25
2022-06-23,53732.84,66057.84,33625.12,111954.07
2022-06-24,52475.45,66701.96,32720.78,114629.86
2022-06-25,53614.67,66614.22,33655.07,111194.78
2022-06-26,52051.51,68078.46,34222.66,113837.8
2022-06-27,53388.28,67923.73,32919.07,111831.68
2022-06-28,54126.85,66985.21,34507.92,112854.93
2022-06-29,51005.44,68074.25,33453.05,111643.12
2022-06-30,52354.4,67216.83,32902.27,114447.43
2022-07-01,53462.74,67557.63,34228.51,111982.68
2022-07-02,52847.8,69902.54,33335.88,114090.34
2022-07-03,53316.31,69513.73,34074.76,112770.49
2022-07-04,52545.37,66356.45,33345.34,113139.18
2022-07-05,53106.99,68922.4,33514.16,113556.76
2022-07-06,52922.33,68911.18,33907.99,112216.64
2022-07-07,53990.26,66570.36,33772.59,113699.17
2022-07-08,53268.73,68941.58,32178.56,115703.37
2022-07-09,53344.44,69815.35,32797.03,112264.97
2022-07-10,52754.01,66633.55,34238.95,115214.07
2022-07-11,52702.59,66890.38,33502.33,115727.75
2022-07-12,52755.79,69223.35,33234.68,112280.62
2022-07-13,53426.55,68338.73,32656.76,111346.51
2022-07-14,52783.36,68685.48,32858.41,114006.28
2022-07-15,53361.13,68443.19,32205.43,112756.47
2022-07-16,54798.79,68514.09,33556.26,116404.74
2022-07-17,53844.53,66464.27,33214.71,113678.29
2022-07-18,52895.97,69323.59,32963.47,112447.02
2022-07-19,54126.92,69481.09,33598.87,111953.83
2022-07-20,52848.65,67813.09,33907.8,115333.67
2022-07-21,51553.77,68046.97,35124.72,112866.28
2022-07-22,52386.96,66272.58,32607.63,113813.05
2022-07-23,51705.95,68737.8,34483.98,115205.26
2022-07-24,52930.53,68817.93,34360.05,113069.41
2022-07-25,53235.64,68067.61,33139.98,113751.15
2022-07-26,54571.21,69502.24,33834.08,113819.44
2022-07-27,53500.77,67762.9,33377.93,114893.52
2022-07-28,53073.1,68852.1,33834.72,114778.9
2022-07-29,53921.07,66961.75,34767.6,113586.86
2022-07-30,51497.79,68167.86,34141.6,114036.75
2022-07-31,53464.35,67997.67,34080.16,113407.85
2022-08-01,53901.71,68488.04,33429.39,111773.34
2022-08-02,52111.31,67785.02,32698.23,114400.41
2022-08-03,54218.34,68081.46,33597.61,116876.54
2022-08-04,53583.3,69241.26,34594.63,112736.92
2022-08-05,52989.43,67736.66,32687.45,112927.2
2022-08-06,53837.04,66343.66,33024.37,112804.9
2022-08-07,55156.53,70381.83,33857.78,115222.12
2022-08-08,53494.63,69950.85,33086.6,114832.21
2022-08-09,53556.87,66753.16,33227.56,113945.92
2022-08-10,52999.97,69142.3,33492.27,112830.95
2022-08-11,52696.74,67721.86,32839.33,114370.79
2022-08-12,54050.04,68652.39,33119.84,111909.53
2022-08-13,52710.07,68700.05,34300.59,114495.85
2022-08-14,53461.35,68076.47,32899.5,115612.24
2022-08-15,53031.13,67428.02,32702.61,112452.4
2022-08-16,53805.6,67550.66,33386.57,112054.67
2022-08-17,53698.5,67290.66,34346.42,116746.85
2022-08-18,54270.76,67402.68,33702.67,113484.3
2022-08-19,53041.88,68331.02,33521.78,116130.11
2022-08-20,53243.15,67563.5,33884.5,114219.43
2022-08-21,52685.2,69251.65,32637.92,114231.74
2022-08-22,53121.94,70228.66,34212.67,115156.54
2022-08-23,53788.37,67758.68,34141.25,113197.17
2022-08-24,54101.28,68752.8,33592.79,114746.16
2022-08-25,52767.12,69075.92,34589.92,113999.43
2022-08-26,54209.69,69053.47,33102.99,112615.17
2022-08-27,54607.68,68588.99,34688.24,115126.37
2022-08-28,53863.08,69399.84,34013.32,114249.43
2022-08-29,55042.92,69098.1,33676.05,114433.1
2022-08-30,52931.62,67044.98,33904.19,112877.65
2022-08-31,52564.08,69583.94,33849.48,117104.23
2022-09-01,52145.99,69616.47,34785.23,116056.45
2022-09-02,54774.96,67646.56,33183.82,116211.86
2022-09-03,54110.78,68618.8,33410.2,114331.7
2022-09-04,53551.98,69404.05,34675.84,112220.34
2022-09-05,53829.58,68343.65,33540.02,117767.74
2022-09-06,52714.37,69893.18,34593.74,114770.96
2022-09-07,55580.52,71453.03,35159.43,113763.65
2022-09-08,53736.46,67683.97,33695.04,115536.3
2022-09-09,53729.76,66980.68,34459.71,116686.03
2022-09-10,54232.01,69013.29,33181.64,114925.01
2022-09-11,54045.37,69525.36,34524.0,116901.7
2022-09-12,53848.83,68393.22,34141.75,116632.58
2022-09-13,53046.5,70424.95,34339.75,113417.76
2022-09-14,54065.21,67085.48,33563.19,114045.89
2022-09-15,55202.82,69534.09,32858.79,116517.12
2022-09-16,54782.69,67986.33,34380.29,111036.15
2022-09-17,54990.07,70787.39,32590.1,114905.13
2022-09-18,53315.7,71125.93,33818.8,113007.31
2022-09-19,52942.15,67825.7,34706.24,114462.97
2022-09-20,53642.37,68097.0,34188.21,114753.82
2022-09-21,53796.74,69798.75,35424.18,114688.93
2022-09-22,54636.67,68313.46,34784.39,114422.15
2022-09-23,52416.5,68734.3,33615.55,113629.07
2022-09-24,55003.27,68830.04,34098.86,118736.9
2022-09-25,53662.39,66506.74,34053.05,118124.47
2022-09-26,53456.45,68804.52,32985.15,113604.42
2022-09-27,52997.43,68004.22,33440.86,117744.94
2022-09-28,52492.39,68250.93,33713.07,114796.81
2022-09-29,54483.97,70585.81,32686.71,115614.04
2022-09-30,53893.24,67356.42,34151.78,115349.59
2022-10-01,52811.78,69850.85,33950.65,114479.13
2022-10-02,52816.85,68551.02,32960.44,116968.77
2022-10-03,53593.44,68560.84,34420.88,115706.07
2022-10-04,55206.45,69855.77,34645.51,114826.66
2022-10-05,53672.71,69326.17,34309.79,113608.85
2022-10-06,52687.03,69613.61,33930.48,114249.59
2022-10-07,53702.11,70101.48,34577.8,113152.15
2022-10-08,53689.69,68552.86,34646.41,115656.81
2022-10-09,51759.52,68226.52,34391.91,113867.72
2022-10-10,53882.75,67669.8,33605.96,115288.62
2022-10-11,53750.6,67992.27,34383.28,117766.36
2022-10-12,54501.47,72532.45,35032.96,117534.4
2022-10-13,55432.83,70497.93,33784.95,115711.28
2022-10-14,54864.08,67393.8,35677.61,115653.32
2022-10-15,53756.87,67438.91,33847.58,118628.0
2022-10-16,53095.92,69614.88,34244.67,116613.57
2022-10-17,56048.99,69704.13,33757.71,115364.97
2022-10-18,54046.84,69716.85,34391.2,113741.9
2022-10-19,54019.76,68763.02,33021.82,116495.98
2022-10-20,53998.48,68929.2,33865.62,117173.4
2022-10-21,54185.41,69483.97,33489.83,115006.19
2022-10-22,53920.61,69204.36,34355.51,116414.71
2022-10-23,53586.33,66448.91,34963.35,115456.8
2022-10-24,53616.93,68847.09,34725.91,115750.35
2022-10-25,54037.37,68111.93,32620.01,112318.91
2022-10-26,53638.0,69354.65,35716.09,115742.22
2022-10-27,53511.62,72737.48,34499.8,117553.19
2022-10-28,54176.2,69606.93,33756.02,115176.28
2022-10-29,53896.23,68800.49,34416.02,116226.42
2022-10-30,55312.57,70293.66,34435.83,115037.95
2022-10-31,51997.76,69777.5,33852.17,116736.78
2022-11-01,55000.9,69713.17,34463.97,115895.58
2022-11-02,55133.72,69948.05,33906.67,114835.75
2022-11-03,52487.3,71698.46,34055.31,118267.68
2022-11-04,53881.02,67884.31,33864.43,117686.5
2022-11-05,53867.18,69820.51,33348.42,115409.99
2022-11-06,53047.48,68151.27,34459.84,117088.28
2022-11-07,53560.4,69940.32,34773.93,117171.96
2022-11-08,53303.35,68182.06,34731.11,117353.54
2022-11-09,55602.79,68794.42,34951.1,113872.95
2022-11-10,54958.67,68951.93,34610.66,117948.49
2022-11-11,55236.53,70487.79,34017.18,115608.27
2022-11-12,54805.79,70429.73,34984.32,115950.33
2022-11-13,53334.37,67843.5,33452.75,120468.14
2022-11-14,53827.15,69415.06,33779.01,116988.37
2022-11-15,54647.43,68508.42,33741.01,115980.32
2022-11-16,53287.38,67860.48,35178.45,113276.11
2022-11-17,54844.64,69121.05,35088.83,118692.94
2022-11-18,54091.14,69022.06,34776.46,114614.73
2022-11-19,53992.71,72315.08,35192.16,115151.63
2022-11-20,54870.49,69933.34,33832.78,116184.01
2022-11-21,54666.29,67771.43,34698.76,118829.9
2022-11-22,54031.27,68757.62,34373.58,117889.39
2022-11-23,55256.67,70671.78,35060.49,116517.02
2022-11-24,53473.51,71963.03,34393.48,117240.46
2022-11-25,54840.27,67564.49,34211.14,115901.68
2022-11-26,54831.16,67222.54,34865.7,117035.99
2022-11-27,54118.2,71734.38,35106.85,116960.76
2022-11-28,54635.91,69967.54,34032.16,118328.15
2022-11-29,53383.27,68468.82,34463.71,118350.01
2022-11-30,55132.54,70163.11,33772.02,117664.46
2022-12-01,54254.56,66369.43,32770.75,116404.22
2022-12-02,53993.46,69547.15,34666.18,118084.72
2022-12-03,55260.0,69947.26,34958.56,116858.28
2022-12-04,53866.48,70673.78,34722.24,115397.6
2022-12-05,53312.35,68358.76,33180.57,116439.79
2022-12-06,53202.97,69689.03,34306.13,117195.76
2022-12-07,54942.24,68486.47,33005.35,118458.53
2022-12-08,53442.25,69914.22,35523.45,116842.16
2022-12-09,55879.59,68544.12,33810.88,115327.9
2022-12-10,52819.37,69139.59,35456.37,117251.06
2022-12-11,55851.24,68445.11,35246.16,117360.38
2022-12-12,54672.05,70432.23,33960.1,117493.2
2022-12-13,54435.02,70691.78,33804.03,118618.49
2022-12-14,54085.62,69390.87,34848.71,118791.32
2022-12-15,54850.02,69729.08,34018.89,116395.86
2022-12-16,54509.76,67955.66,34688.12,116387.21
2022-12-17,55431.67,69345.13,34284.87,115775.37
2022-12-18,54649.57,69655.27,33382.5,118408.14
2022-12-19,54687.59,72871.24,33074.45,119557.39
2022-12-20,54285.62,68402.71,34800.92,116935.78
2022-12-21,54540.11,71504.86,34255.62,117070.51
2022-12-22,54841.07,70954.85,34268.01,119657.07
2022-12-23,53235.85,70106.16,35148.74,118239.48
2022-12-24,53534.6,71890.52,35489.51,118159.74
2022-12-25,55216.92,70237.47,34483.79,115743.26
2022-12-26,54768.16,70268.72,34442.62,118571.97
2022-12-27,54493.44,69748.76,35037.6,116184.42
2022-12-28,54664.53,71291.56,33744.11,115901.34
2022-12-29,54937.01,71149.81,34856.64,117106.46
2022-12-30,54236.3,69094.01,35093.22,116772.17
2022-12-31,54054.62,68272.51,35189.52,117342.71
2023-01-01,54843.1,69622.8,33364.1,115537.88
2023-01-02,53912.88,68917.11,34193.34,119161.82
2023-01-03,55031.34,69811.7,34117.97,119439.37
2023-01-04,53351.83,71383.63,34809.15,114851.08
2023-01-05,55546.38,69360.72,35082.21,119264.02
2023-01-06,55110.3,69868.87,35799.85,116604.79
2023-01-07,54946.2,70000.66,34412.14,119130.29
2023-01-08,55536.69,70959.93,34416.79,117766.4
2023-01-09,56092.08,67256.32,35576.32,117936.48
2023-01-10,55580.35,69235.32,34985.62,117639.92
2023-01-11,53305.32,70227.68,35671.84,119760.0
2023-01-12,53763.52,71425.01,34993.06,116106.67
2023-01-13,54296.48,69405.41,33987.43,118902.06
2023-01-14,54826.37,67754.6,33870.69,119666.54
2023-01-15,55228.78,70760.9,33724.29,119113.3
2023-01-16,54243.22,69265.58,35280.25,121550.09
2023-01-17,54982.39,68611.19,35655.29,117293.86
2023-01-18,54237.83,69300.35,36124.29,119547.49
2023-01-19,54362.08,69838.91,35426.38,117976.64
2023-01-20,53735.12,69345.43,35656.66,120010.13
2023-01-21,54131.03,67435.22,34443.13,118172.73
2023-01-22,53797.42,71169.15,34046.11,117626.7
2023-01-23,54107.23,71633.3,35457.12,120191.87
2023-01-24,55740.0,70896.05,35160.91,117519.66
2023-01-25,54146.73,68759.78,34950.21,116162.16
2023-01-26,57021.32,69893.99,35152.63,117530.23
2023-01-27,55319.22,70138.73,35114.16,119258.29
2023-01-28,55081.6,70875.88,35793.07,120442.05
2023-01-29,54256.2,70970.11,35807.35,118544.93
2023-01-30,55512.3,69297.87,35288.28,120379.77
2023-01-31,54500.7,70288.05,35505.86,116389.46
2023-02-01,55067.97,70749.17,35280.1,117786.07
2023-02-02,57027.59,71958.19,34603.91,118042.35
2023-02-03,54911.84,71067.39,35462.78,118327.62
2023-02-04,55917.26,71179.63,33963.51,118649.85
2023-02-05,54444.46,70344.13,35683.84,119584.32
2023-02-06,54988.17,71946.86,34116.42,117904.99
2023-02-07,56441.96,70756.8,35159.11,118804.99
2023-02-08,54532.91,69242.56,34373.91,118553.01
2023-02-09,56493.6,71970.68,35359.36,117256.1
2023-02-10,55619.0,71134.9,34954.7,118498.68
2023-02-11,54611.99,69776.54,33868.58,118477.94
2023-02-12,55577.05,69743.57,35285.87,118470.05
2023-02-13,55858.32,70685.63,34593.3,118789.56
2023-02-14,55586.89,70896.34,35621.11,118879.67
2023-02-15,53842.42,70588.04,35011.7,118141.97
2023-02-16,54526.05,70735.64,35294.04,120723.73
2023-02-17,54918.9,72412.79,34353.41,117084.68
2023-02-18,55066.53,71669.47,34617.64,117781.69
2023-02-19,55631.77,70623.16,34715.59,123057.34
2023-02-20,55286.56,71534.75,35642.8,117354.65
2023-02-21,54085.28,69176.92,36223.73,116905.25
2023-02-22,55466.87,70904.24,34492.41,120061.84
2023-02-23,55660.34,72608.67,35816.29,115868.7
2023-02-24,55628.87,70186.62,33550.19,118655.71
2023-02-25,56054.82,69441.89,34239.5,122251.6
2023-02-26,55866.49,69687.32,34410.75,116739.71
2023-02-27,55575.86,69173.04,34141.61,116108.41
2023-02-28,55161.54,69549.67,33986.32,116856.83
2023-03-01,53898.06,70057.55,35390.39,120477.39
2023-03-02,55579.69,68826.25,34957.91,120841.26
2023-03-03,55411.3,70542.45,35379.81,118409.46
2023-03-04,55471.57,71617.22,35604.02,120227.4
2023-03-05,54242.07,69455.95,35313.09,121312.21
2023-03-06,54407.78,72379.18,35594.05,121932.1
2023-03-07,56124.31,71179.76,35091.41,118905.82
2023-03-08,55259.3,71814.28,34315.66,115847.36
2023-03-09,55845.31,69798.96,35893.49,118092.5
2023-03-10,55331.92,71624.57,34747.1,118707.85
2023-03-11,55342.23,69299.59,34511.03,118983.9
2023-03-12,56078.21,71688.99,35047.87,119114.76
2023-03-13,54923.91,70837.67,34539.91,121099.14
2023-03-14,55422.8,71306.14,34893.14,121356.69
2023-03-15,54985.24,69242.3,35432.65,119211.78
2023-03-16,55016.63,69589.71,35442.12,121141.26
2023-03-17,55126.05,71391.24,34576.26,120054.27
2023-03-18,55560.25,69547.33,34869.81,119638.78
2023-03-19,55008.7,71251.97,35969.71,120926.09
2023-03-20,56405.47,69066.33,35571.62,119698.9
2023-03-21,54694.34,71735.48,36683.15,122701.48
2023-03-22,55269.68,69249.42,36063.16,117481.39
2023-03-23,55076.56,71401.98,36044.54,118890.5
2023-03-24,56595.08,71500.76,34278.49,119497.72
2023-03-25,55603.9,69924.65,35791.17,120370.92
2023-03-26,56281.29,71469.98,35225.76,121637.93
2023-03-27,54276.53,71094.86,34883.71,119723.64
2023-03-28,55687.78,70146.49,35393.47,117651.14
2023-03-29,56195.0,69593.61,35943.98,121072.5
2023-03-30,55558.28,68459.5,35639.38,120965.41
2023-03-31,56354.0,71245.01,34680.33,116944.43
2023-04-01,55096.95,68958.44,35821.45,119875.76
2023-04-02,56647.41,70961.4,34861.88,117520.5
2023-04-03,57368.21,70541.62,35466.33,118932.98
2023-04-04,55247.98,71683.51,35108.78,118599.99
2023-04-05,55191.01,70516.86,35174.38,121192.35
2023-04-06,56719.28,70494.75,35870.42,120177.94
2023-04-07,56829.39,71779.11,34612.38,118098.55
2023-04-08,55156.6,71313.71,36708.62,121371.28
2023-04-09,55247.9,71301.8,34078.69,117924.72
2023-04-10,55367.78,71496.31,34941.55,120594.85
2023-04-11,54526.81,69101.28,35625.53,118902.91
2023-04-12,54876.61,71862.89,35781.86,119599.65
2023-04-13,54817.38,71700.48,35308.98,120928.82
2023-04-14,55015.61,69756.27,35345.6,120978.83
2023-04-15,55611.26,70694.17,35679.63,122226.36
2023-04-16,55835.54,70950.68,35236.96,120121.77
2023-04-17,56897.73,70847.22,36380.4,120729.07
2023-04-18,54867.8,71420.03,35999.18,119637.04
2023-04-19,56463.1,72747.81,36029.08,120590.87
2023-04-20,55513.61,72339.07,34748.26,121001.36
2023-04-21,55654.39,69477.06,35375.46,120218.91
2023-04-22,56242.98,71808.98,35227.17,117685.0
2023-04-23,54814.11,72668.0,34740.04,120912.08
2023-04-24,56027.37,71548.22,35702.55,120985.96
2023-04-25,55863.77,72404.0,35080.54,119443.1
2023-04-26,56133.72,73520.33,35922.14,118561.03
2023-04-27,55980.26,72344.83,34720.69,122725.67
2023-04-28,57722.32,71426.33,36679.62,121273.27
2023-04-29,55257.05,72392.04,34855.33,120216.72
2023-04-30,55351.6,71322.57,35642.74,118879.04
2023-05-01,55287.05,71188.17,36049.99,119376.11
2023-05-02,55350.34,70748.56,35102.71,122586.97
2023-05-03,55293.97,73057.13,36105.35,120863.82
2023-05-04,56764.25,70209.7,34654.66,119855.69
2023-05-05,56958.6,73041.43,36538.03,121470.35
2023-05-06,55374.76,71813.2,35537.92,119508.47
2023-05-07,55174.63,69544.97,35116.99,123005.57
2023-05-08,56226.81,71676.09,35331.52,122807.76
2023-05-09,55417.06,68725.66,36113.66,120102.94
2023-05-10,56374.34,72007.08,35144.76,119884.04
2023-05-11,56039.49,72329.52,35035.79,116924.09
2023-05-12,54673.72,70567.19,35411.73,118653.17
2023-05-13,57133.48,71437.05,34749.4,118890.58
2023-05-14,57341.34,73644.56,36854.12,121126.82
2023-05-15,55423.56,70703.45,35189.73,120458.93
2023-05-16,55612.79,70050.43,36174.8,118954.52
2023-05-17,56160.8,73109.89,35745.77,120575.02
2023-05-18,56208.84,73697.78,34916.43,121779.02
2023-05-19,56477.27,71357.88,35607.9,121837.02
2023-05-20,57567.75,72577.98,36167.34,118220.0
2023-05-21,55827.19,72984.77,35493.22,120901.35
2023-05-22,55339.27,70494.79,36466.64,119042.98
2023-05-23,54883.61,70814.18,36352.99,122494.83
2023-05-24,55411.48,72884.38,36287.64,122342.71
2023-05-25,55978.89,73440.12,35329.1,119843.69
2023-05-26,57450.19,72104.34,34901.44,120065.91
2023-05-27,55609.62,70383.88,35234.28,120547.32
2023-05-28,56211.9,73834.9,35807.63,117884.28
2023-05-29,56028.89,70824.04,36058.77,121791.67
2023-05-30,57001.9,71069.82,34163.09,120902.69
2023-05-31,58081.89,71893.56,35683.98,122791.47
2023-06-01,55644.81,73358.53,35806.78,119712.84
2023-06-02,55687.11,72529.08,35508.31,120456.01
2023-06-03,56923.15,72012.92,36612.94,119149.16
2023-06-04,56642.5,72081.81,36010.76,119926.75
2023-06-05,57583.51,71588.86,36639.12,119684.46
2023-06-06,56582.44,72217.18,35577.28,122975.64
2023-06-07,55837.03,68522.72,36391.15,120458.53
2023-06-08,56606.14,71213.04,36885.93,121716.44
2023-06-09,57029.74,71869.33,36666.03,120983.27
2023-06-10,56808.33,70209.3,34989.81,119674.47
2023-06-11,56566.92,72064.88,35583.2,121350.46
2023-06-12,57023.6,71366.7,35525.63,122525.81
2023-06-13,57114.85,73729.42,36116.19,119839.76
2023-06-14,57294.3,73521.24,36260.62,122889.32
2023-06-15,56716.7,71085.43,35199.41,120425.31
2023-06-16,56073.2,71474.17,35840.59,120999.66
2023-06-17,56333.43,71577.21,34385.62,122544.41
2023-06-18,57190.42,71134.73,36815.4,120777.48
2023-06-19,55580.83,71921.53,35453.84,121853.24
2023-06-20,56538.47,70788.34,35858.07,121349.08
2023-06-21,55938.02,70352.31,35608.68,122039.42
2023-06-22,56284.85,72467.08,36634.12,118298.5
2023-06-23,57293.77,72486.04,33852.11,119149.34
2023-06-24,56433.05,70776.2,35833.2,122842.05
2023-06-25,56326.48,72826.58,35777.22,123498.12
2023-06-26,55210.61,71005.04,35540.21,120600.86
2023-06-27,56904.65,72077.51,37072.58,121624.8
2023-06-28,56833.2,72768.9,35249.56,122457.17
2023-06-29,58056.57,71754.92,36417.41,123079.16
2023-06-30,56088.91,72351.72,36133.0,119022.06
2023-07-01,56519.61,71197.09,36773.15,120758.76
2023-07-02,56552.96,71591.83,35429.52,121613.2
2023-07-03,57624.57,71591.33,35389.94,123191.02
2023-07-04,56295.53,70953.24,36676.73,125908.21
2023-07-05,56604.14,71647.78,36213.67,121842.8
2023-07-06,56876.4,70012.35,34840.96,120098.59
2023-07-07,56548.53,71292.08,35551.37,122836.7
2023-07-08,56051.26,71550.39,36205.81,124239.04
2023-07-09,56572.84,71595.6,36528.25,122443.81
2023-07-10,57285.63,71624.0,35472.81,120946.06
2023-07-11,55614.67,71850.45,33914.76,123767.27
2023-07-12,56551.42,72510.67,36327.46,123349.84
2023-07-13,55894.11,72995.54,35113.45,120839.65
2023-07-14,57419.4,71177.18,34562.0,122975.16
2023-07-15,55253.97,70523.83,33997.98,123923.16
2023-07-16,56034.54,70727.99,36556.86,124224.34
2023-07-17,56792.61,71404.58,36083.57,122376.08
2023-07-18,57752.42,71577.69,35842.04,121962.88
2023-07-19,56456.56,71086.78,36978.78,124365.16
2023-07-20,56074.16,70466.21,36459.06,120733.25
2023-07-21,58032.4,71484.98,37150.81,123230.61
2023-07-22,55378.23,72260.82,35050.95,120541.94
2023-07-23,54786.75,72767.91,36008.14,124219.29
2023-07-24,56906.97,71395.75,34907.09,122258.41
2023-07-25,56162.47,71579.83,35884.69,124572.59
2023-07-26,55756.29,70974.17,35877.69,123431.08
2023-07-27,57149.12,72059.26,36496.82,120883.38
2023-07-28,56786.64,71089.64,36096.55,124879.4
2023-07-29,56149.49,72806.29,36507.51,125093.57
2023-07-30,55585.67,69986.27,36569.99,124114.38
2023-07-31,57317.04,71708.53,37592.5,121672.81
2023-08-01,57148.39,72512.19,35869.81,122380.42
2023-08-02,56558.05,72382.24,35438.27,123081.83
2023-08-03,58123.86,75404.05,36275.71,121832.37
2023-08-04,55799.64,72602.95,35548.32,125450.7
2023-08-05,55444.45,70989.1,37153.75,123152.91
2023-08-06,56120.5,72090.18,35924.59,118905.65
2023-08-07,56646.72,70084.02,35733.41,123493.95
2023-08-08,56887.02,72129.57,35805.85,122486.92
2023-08-09,56508.52,71237.4,36645.13,122921.02
2023-08-10,56992.31,73346.31,36038.28,122504.72
2023-08-11,55718.6,71599.17,35706.01,124292.47
2023-08-12,57884.0,72129.28,37327.38,124785.67
2023-08-13,56672.43,71517.5,35568.78,123554.97
2023-08-14,57641.14,74377.57,36199.47,122645.67
2023-08-15,57030.65,71916.23,36637.65,123116.87
2023-08-16,57131.03,74511.57,35045.57,123232.52
2023-08-17,57230.6,73300.26,36530.15,122023.73
2023-08-18,57142.11,72912.53,35461.86,124120.01
2023-08-19,57307.28,72787.31,36782.84,123965.93
2023-08-20,57865.58,72828.16,35539.51,125610.77
2023-08-21,56968.64,70053.17,36704.77,125207.38
2023-08-22,57387.78,72042.5,37000.38,122320.09
2023-08-23,56757.95,73402.12,36835.76,124603.29
2023-08-24,57990.99,72340.03,36415.15,121970.66
2023-08-25,56306.95,70723.25,36083.78,124465.23
2023-08-26,58297.97,72357.37,35848.66,122670.66
2023-08-27,56834.25,74475.96,37288.34,121934.95
2023-08-28,55730.92,73938.08,35775.44,123914.14
2023-08-29,56987.18,72378.18,35545.61,119506.47
2023-08-30,56349.02,73605.1,36743.78,120916.1
2023-08-31,57575.53,72034.33,35727.19,123300.57
2023-09-01,56390.08,70440.27,35625.9,123714.72
2023-09-02,56564.39,71386.33,35286.89,123061.32
2023-09-03,55418.86,74381.93,35965.84,121270.39
2023-09-04,56577.81,72188.45,36252.44,122436.96
2023-09-05,55009.71,72235.96,36486.97,124274.85
2023-09-06,55690.85,72178.99,36989.19,124584.96
2023-09-07,57575.47,74834.53,36698.57,123712.2
2023-09-08,57604.93,74511.5,36202.6,125496.03
2023-09-09,57325.82,75233.66,36203.94,124381.12
2023-09-10,56221.03,72391.04,36706.25,122688.08
2023-09-11,56965.6,72947.42,37246.4,123412.76
2023-09-12,57010.05,70783.48,36450.49,121753.46
2023-09-13,56095.4,74386.55,36040.14,123719.8
2023-09-14,58233.97,71223.66,35679.99,125574.4
2023-09-15,57742.3,72895.91,35369.82,124958.43
2023-09-16,56872.8,71329.79,36854.32,126057.76
2023-09-17,57080.24,71950.69,36798.98,123524.66
2023-09-18,57234.59,71663.39,36805.02,126022.38
2023-09-19,55443.66,71949.43,36317.27,123737.52
2023-09-20,56888.46,72042.71,37398.65,126259.1
2023-09-21,56549.78,72042.51,36081.38,124043.18
2023-09-22,56303.23,73711.21,37095.41,125161.06
2023-09-23,56888.81,71396.15,36406.07,126337.13
2023-09-24,58560.99,72997.41,36013.81,123858.57
2023-09-25,57644.68,74205.09,36860.89,124500.54
2023-09-26,56684.22,72138.47,36739.33,126130.49
2023-09-27,57608.39,71903.58,36708.93,124021.94
2023-09-28,58278.97,72499.23,36522.41,122264.35
2023-09-29,57908.35,74202.31,36445.46,127484.45
2023-09-30,57225.51,73030.34,38150.31,123589.53
2023-10-01,56669.41,72170.73,37313.89,124556.56
2023-10-02,57754.7,73399.62,36997.36,126076.68
2023-10-03,57520.07,71506.99,36576.1,123454.18
2023-10-04,57930.59,73658.15,37209.32,122879.36
2023-10-05,57731.74,73341.62,36873.37,124796.02
2023-10-06,58072.4,72492.7,36535.58,121750.04
2023-10-07,56813.73,71866.54,36311.21,124032.04
2023-10-08,58304.99,71819.6,36473.53,124855.7
2023-10-09,57418.32,73536.18,34317.34,124107.46
2023-10-10,58929.61,74379.95,36690.52,122221.46
2023-10-11,56727.21,72151.18,36207.64,126952.15
2023-10-12,58676.49,73476.79,37670.9,124740.44
2023-10-13,57455.2,70433.07,36576.04,126756.1
2023-10-14,56784.9,72246.73,35736.69,124243.57
2023-10-15,56928.09,72921.78,36540.51,123337.85
2023-10-16,57068.08,71878.21,35849.61,125085.88
2023-10-17,57672.85,71856.8,36919.75,124382.68
2023-10-18,57760.94,72190.04,36798.49,122963.96
2023-10-19,56892.87,73352.79,37271.78,126959.53
2023-10-20,57341.51,72788.14,36054.14,123845.69
2023-10-21,59083.97,70337.83,36638.03,122042.94
2023-10-22,58761.34,70489.64,35665.17,126819.84
2023-10-23,57737.53,72317.02,37118.2,124095.38
2023-10-24,57428.03,73605.26,36996.83,123964.34
2023-10-25,57502.81,69769.8,36987.15,122252.24
2023-10-26,57906.76,72477.91,36647.69,127535.98
2023-10-27,56606.87,72456.86,36943.36,123014.59
2023-10-28,57228.37,74765.14,37782.52,125060.73
2023-10-29,56108.56,72647.89,36466.38,126366.24
2023-10-30,57771.96,73580.28,36769.47,125654.13
2023-10-31,57979.5,73300.97,35918.59,124956.32
2023-11-01,57084.36,70585.56,36077.56,122517.54
2023-11-02,58739.25,74074.87,36760.28,123879.7
2023-11-03,56508.61,73422.27,37471.03,125400.23
2023-11-04,56326.88,73784.49,36525.34,123962.02
2023-11-05,57687.1,77896.83,36546.07,125472.07
2023-11-06,58354.38,70695.19,36432.85,126213.89
2023-11-07,58873.0,75276.53,36349.81,126659.27
2023-11-08,57167.91,72872.74,36937.08,123400.49
2023-11-09,58407.13,73573.24,35688.99,128558.98
2023-11-10,57522.53,73184.61,37640.19,126439.47
2023-11-11,57424.4,72740.92,36284.2,125309.93
2023-11-12,58278.59,72576.98,37261.8,126971.05
2023-11-13,58102.68,73666.96,35873.93,128909.1
2023-11-14,56328.86,71461.72,37237.58,123227.16
2023-11-15,58780.37,74193.8,37246.22,125071.59
2023-11-16,58712.37,72804.45,37051.27,121866.08
2023-11-17,57117.01,71958.57,36092.69,125746.95
2023-11-18,57943.26,72785.42,36969.94,126030.31
2023-11-19,58031.0,74844.79,35973.58,125447.72
2023-11-20,57853.47,72704.58,36631.26,124548.91
2023-11-21,57213.85,73787.9,37535.24,122480.69
2023-11-22,57125.96,72491.39,37378.81,126139.5
2023-11-23,57651.97,74288.82,36838.21,127786.6
2023-11-24,58619.76,74212.7,36151.69,124741.17
2023-11-25,58125.61,75619.19,37292.43,126312.03
2023-11-26,57403.4,73200.96,36860.55,123323.97
2023-11-27,58326.41,74224.8,35229.23,126386.25
2023-11-28,55439.38,73550.87,37407.75,125134.6
2023-11-29,58646.38,74999.01,36849.42,124605.3
2023-11-30,56344.76,72592.14,37714.56,124632.62
2023-12-01,57455.74,74359.52,36112.62,125207.0
2023-12-02,56859.11,73242.66,34662.08,126395.31
2023-12-03,56728.26,73410.04,37087.6,123877.66
2023-12-04,58701.83,73607.95,37102.8,125274.48
2023-12-05,57408.17,73811.31,35721.7,125832.19
2023-12-06,58068.69,73379.92,36226.69,124270.08
2023-12-07,57763.11,73787.83,38846.76,128637.89
2023-12-08,58191.44,75434.69,36710.64,124686.89
2023-12-09,57880.42,74734.26,37442.71,124987.22
2023-12-10,56801.73,74605.49,36482.04,124548.16
2023-12-11,58634.3,73026.63,35480.75,128737.59
2023-12-12,57451.44,72516.96,36831.25,126893.47
2023-12-13,56610.34,74741.19,36770.97,124683.47
2023-12-14,57522.27,74656.86,36683.45,127771.96
2023-12-15,59074.53,75383.58,36889.58,126437.9
2023-12-16,58563.26,72902.38,37161.28,126546.98
2023-12-17,57613.32,73362.47,36877.68,125668.63
2023-12-18,57621.99,71681.33,36104.42,125085.47
2023-12-19,57653.25,73188.52,37336.02,126740.49
2023-12-20,59581.12,74866.14,35637.59,125440.45
2023-12-21,58234.43,73121.24,35573.37,129007.46
2023-12-22,58282.07,74460.39,37532.51,124402.64
2023-12-23,58771.43,73473.98,37376.47,128635.05
2023-12-24,58147.39,74102.23,36987.84,126188.09
2023-12-25,57758.28,72346.91,36057.67,126827.94
2023-12-26,57817.6,73837.17,36545.41,127653.29
2023-12-27,57926.56,70156.33,36863.49,125482.43
2023-12-28,57963.22,73532.19,35936.75,127748.42
2023-12-29,58584.26,71810.67,36543.02,122414.98
2023-12-30,58052.87,75225.21,37523.44,125420.55
2023-12-31,58606.59,74721.68,38072.39,125138.69
2024-01-01,57965.06,74359.57,36786.14,124668.77
2024-01-02,58101.7,75635.55,37615.75,126250.84
2024-01-03,56449.39,72682.42,35752.83,127176.15
2024-01-04,58790.17,75928.73,37560.75,127675.76
2024-01-05,58343.46,74961.3,36542.84,127007.33
2024-01-06,58873.84,73569.58,37327.21,125671.72
2024-01-07,55767.59,75226.97,36945.11,127248.03
2024-01-08,59764.45,72547.45,38049.29,126905.18
2024-01-09,57991.24,72896.36,36519.36,128147.08
2024-01-10,58998.62,73166.24,37577.26,127932.65
2024-01-11,57289.3,73272.55,36948.74,126837.2
2024-01-12,58620.61,72650.23,37040.05,125469.85
2024-01-13,57296.81,75396.58,37028.63,125860.55
2024-01-14,57649.69,73629.03,36571.82,126039.54
2024-01-15,59689.09,74373.44,37160.39,126415.57
2024-01-16,58014.48,73276.79,37132.87,127314.79
2024-01-17,58350.13,71787.26,37352.06,128009.72
2024-01-18,58881.4,74306.83,37248.81,126884.53
2024-01-19,58591.05,71698.83,37754.72,127009.64
2024-01-20,58324.0,73921.95,37849.04,127224.66
2024-01-21,58504.79,72373.11,36473.62,126260.09
2024-01-22,60144.72,76410.59,37823.66,125670.1
2024-01-23,58185.05,75130.27,36391.55,124449.28
2024-01-24,58401.18,74174.32,37639.95,126063.96
2024-01-25,59089.98,75574.64,37668.73,127840.64
2024-01-26,59143.04,73053.39,35903.46,126100.81
2024-01-27,59217.4,74731.92,37312.93,126822.71
2024-01-28,58787.92,74330.29,36926.36,127903.31
2024-01-29,57371.7,74418.12,36729.64,128008.94
2024-01-30,59602.0,75638.89,38212.84,125632.86
2024-01-31,57387.34,75001.84,36816.13,128771.99
2024-02-01,58555.69,74480.09,36715.71,128991.67
2024-02-02,57719.32,72158.53,37339.62,125630.12
2024-02-03,58280.59,73003.12,37773.02,126113.38
2024-02-04,58604.07,74018.7,37200.41,129160.02
2024-02-05,58607.3,74288.77,38122.49,127177.35
2024-02-06,58696.91,72831.26,37684.18,124092.21
2024-02-07,59659.5,77092.29,35794.22,125346.6
2024-02-08,58740.52,76028.72,36954.8,127096.31
2024-02-09,58191.53,74942.37,36938.61,125750.05
2024-02-10,59167.28,74317.05,37673.91,126898.72
2024-02-11,59356.75,73986.73,35507.46,127591.7
2024-02-12,57432.25,73109.85,39135.6,129760.73
2024-02-13,58901.41,74355.91,37729.48,127155.91
2024-02-14,58993.59,74583.01,37468.44,129224.65
2024-02-15,58203.76,72794.37,38197.79,129783.23
2024-02-16,59551.54,74696.27,39017.71,129815.8
2024-02-17,58340.08,74119.72,37993.14,128115.71
2024-02-18,58569.75,72027.44,38054.26,124767.89
2024-02-19,58339.99,73295.12,37488.03,128428.31
2024-02-20,58500.07,73842.04,37303.95,129333.91
2024-02-21,57619.75,76614.36,37076.43,127663.96
2024-02-22,57353.89,75027.78,36837.67,130426.68
2024-02-23,59790.69,72768.11,36941.5,129123.8
2024-02-24,57846.68,74964.71,36483.49,128710.71
2024-02-25,57740.29,72535.48,37382.23,129512.11
2024-02-26,56819.85,75702.25,36262.54,128406.84
2024-02-27,58040.55,73848.44,37581.92,124191.82
2024-02-28,57502.41,74312.21,37429.31,127206.57
2024-02-29,59883.66,76026.3,37564.06,129775.28
2024-03-01,59387.06,72901.52,37102.18,126792.38
2024-03-02,58037.84,72780.35,39627.94,127692.81
2024-03-03,60399.47,73767.35,38432.68,126485.01
2024-03-04,59392.09,75724.5,36615.89,130752.39
2024-03-05,58355.98,72666.01,37656.54,130622.99
2024-03-06,56625.48,71101.41,37074.4,126799.2
2024-03-07,60466.91,73969.39,36796.33,128370.19
2024-03-08,57531.66,75183.64,36574.88,127152.75
2024-03-09,57336.16,75972.64,37821.95,129120.15
2024-03-10,59479.69,73987.31,37048.9,128986.51
2024-03-11,60622.6,74060.17,38209.81,129463.79
2024-03-12,59787.38,75949.34,38234.44,128768.35
2024-03-13,59140.24,72331.74,38507.0,132697.83
2024-03-14,59174.08,74119.98,36955.05,126777.08
2024-03-15,59390.17,74825.49,37890.95,125777.31
2024-03-16,59323.74,75146.82,38007.37,127777.82
2024-03-17,58950.71,74006.77,37239.2,126039.72
2024-03-18,58818.27,74670.64,37037.35,126177.25
2024-03-19,58694.0,71654.09,38710.72,126938.22
2024-03-20,58150.06,73860.96,37749.76,127081.16
2024-03-21,58537.85,75205.85,38042.16,127056.76
2024-03-22,57417.19,73493.66,37028.0,129290.26
2024-03-23,58702.04,74753.97,36756.41,127777.89
2024-03-24,57999.0,75230.21,37217.76,128292.15
2024-03-25,57916.16,74293.68,37536.03,129927.02
2024-03-26,58952.1,74920.07,36884.36,127460.43
2024-03-27,59930.95,73571.01,37628.88,128237.34
2024-03-28,59561.16,74489.14,36460.29,129207.05
2024-03-29,57579.27,75480.1,36864.67,125770.3
2024-03-30,58053.13,74946.99,38124.81,125129.54
2024-03-31,59606.6,74065.56,38084.29,129250.32
2024-04-01,58077.16,75049.23,37393.79,129493.41
2024-04-02,58692.6,75648.48,36962.13,131875.96
2024-04-03,59321.51,72341.79,36961.85,129041.02
2024-04-04,58115.95,76203.39,37426.21,130057.73
2024-04-05,58984.08,74419.77,38145.13,128559.16
2024-04-06,57841.72,75344.64,38350.2,129322.46
2024-04-07,58437.01,76281.52,37359.32,131401.75
2024-04-08,59183.09,73209.6,36905.92,125739.12
2024-04-09,57662.03,74015.05,37907.32,129569.78
2024-04-10,59297.96,74530.9,37149.82,132176.98
2024-04-11,58939.03,73947.43,37369.98,129420.9
2024-04-12,59405.89,76980.63,38666.92,131497.95
2024-04-13,59152.19,73881.36,38324.67,128102.52
2024-04-14,60073.53,74253.6,37862.74,129022.51
2024-04-15,59091.56,75176.3,36868.28,129145.11
2024-04-16,58657.01,73499.23,37913.06,125792.69
2024-04-17,59107.54,74477.77,38515.41,127391.05
2024-04-18,59453.5,75344.31,37515.07,127522.25
2024-04-19,59067.11,74574.71,38730.26,130424.91
2024-04-20,59069.65,74872.85,38695.87,130524.29
2024-04-21,58484.74,74360.49,38962.03,129726.36
2024-04-22,58525.17,73189.1,38017.55,130500.7
2024-04-23,57942.57,75403.15,38221.52,129042.57
2024-04-24,60473.48,77133.94,38806.74,131115.94
2024-04-25,58087.88,75060.88,38136.45,129350.47
2024-04-26,58537.81,75319.89,37478.88,129448.33
2024-04-27,58526.57,75891.61,37522.23,128987.39
2024-04-28,59826.39,73547.92,38009.66,130436.7
2024-04-29,58883.65,77124.91,36945.74,128802.47
2024-04-30,60126.97,75335.47,37755.32,130923.16
2024-05-01,58599.14,77061.68,38629.65,127784.53
2024-05-02,59370.29,74234.58,36334.66,127858.63
2024-05-03,58487.97,77306.67,38949.14,130562.39
2024-05-04,60881.53,76065.96,38667.13,129422.68
2024-05-05,58224.49,75810.2,37566.1,128898.9
2024-05-06,59431.59,75438.16,38274.77,130939.07
2024-05-07,59699.91,74869.87,37903.07,128717.34
2024-05-08,59533.09,76619.52,38768.32,129352.18
2024-05-09,59062.98,75358.09,38601.67,131775.57
2024-05-10,59116.51,72839.95,36940.21,132009.68
2024-05-11,59264.58,73870.58,38337.81,132083.81
2024-05-12,59121.08,74998.97,37789.25,129326.27
2024-05-13,60018.95,75604.76,37997.64,131619.76
2024-05-14,61025.42,75175.63,37436.4,128374.52
2024-05-15,58820.17,76717.08,39176.28,128461.84
2024-05-16,58179.48,72923.76,38687.09,126320.76
2024-05-17,59213.86,75448.17,37447.68,132379.99
2024-05-18,61357.41,73105.06,37037.76,128598.97
2024-05-19,58659.86,76209.07,37708.48,129729.38
2024-05-20,60623.25,75194.84,38289.07,128577.94
2024-05-21,60663.28,75822.5,38159.52,131010.42
2024-05-22,58887.41,74293.08,38875.04,129428.47
2024-05-23,59794.63,76875.88,38557.25,128058.94
2024-05-24,60651.32,76601.36,38689.47,130702.9
2024-05-25,59054.46,76062.32,38246.04,127914.06
2024-05-26,59204.05,75217.42,37051.2,128832.79
2024-05-27,58910.73,76079.45,37893.18,126952.81
2024-05-28,58573.43,74546.13,38778.7,128001.46
2024-05-29,58874.97,76431.84,38007.04,130429.43
2024-05-30,58424.4,77395.33,38401.73,127239.08
2024-05-31,59439.98,76711.46,37832.91,127988.41
2024-06-01,58805.9,74561.98,37341.63,130230.82
2024-06-02,59618.06,75881.98,37982.62,129443.21
2024-06-03,58195.48,73907.28,38291.76,133270.92
2024-06-04,59714.06,76156.7,37622.92,133057.96
2024-06-05,60125.34,76021.33,37923.36,129029.47
2024-06-06,57872.68,73247.6,37437.2,131191.31
2024-06-07,59776.08,74108.01,38884.76,131503.77
2024-06-08,60468.13,75173.16,37901.64,129507.88
2024-06-09,58527.44,75162.68,39131.15,128185.03
2024-06-10,60842.37,74083.11,39190.81,130434.14
2024-06-11,59848.69,76012.03,38070.42,130217.56
2024-06-12,58958.62,75857.8,37427.71,129847.43
2024-06-13,59487.17,75333.69,36679.96,131188.8
2024-06-14,59987.61,74670.64,37116.13,129423.47
2024-06-15,59610.91,76846.81,37191.33,128845.82
2024-06-16,59990.27,77585.63,39124.41,130761.68
2024-06-17,58831.89,75029.64,38247.03,131201.26
2024-06-18,59713.07,74886.09,38445.14,128881.58
2024-06-19,58455.77,76220.91,36624.58,132062.93
2024-06-20,59506.92,75212.61,37346.77,128039.32
2024-06-21,58881.94,75485.74,38812.77,129852.12
2024-06-22,59025.8,76551.38,38399.02,130356.52
2024-06-23,60612.26,73383.34,38101.7,129813.44
2024-06-24,60505.59,77267.31,38606.6,129944.44
2024-06-25,60129.01,75783.34,39362.73,133622.88
2024-06-26,58777.01,75213.1,38069.41,129564.19
2024-06-27,59406.89,75610.59,38279.16,134526.6
2024-06-28,60639.66,75683.36,38371.89,131544.7
2024-06-29,59791.71,73661.78,39918.01,131051.34
2024-06-30,61542.96,77543.93,36780.45,131651.86
2024-07-01,60011.31,75810.37,38734.72,134756.64
2024-07-02,59859.46,76303.15,38182.57,129495.6
2024-07-03,59467.69,76924.19,38666.14,129329.61
2024-07-04,59830.97,74567.71,37815.7,129902.18
2024-07-05,59611.32,76372.05,38248.05,131106.94
2024-07-06,60308.94,75493.49,38786.78,128494.32
2024-07-07,60516.98,76841.56,40474.3,131140.73
2024-07-08,59131.98,73283.53,38867.35,133671.79
2024-07-09,58704.95,75728.07,37714.54,131382.82
2024-07-10,58310.13,75134.37,38018.02,130740.93
2024-07-11,60194.65,76387.25,38003.73,130276.96
2024-07-12,58914.72,76443.36,37070.64,132576.22
2024-07-13,58084.26,75040.94,38102.99,130013.94
2024-07-14,60126.6,75046.25,38853.5,134046.53
2024-07-15,61819.29,75778.84,37455.02,134201.22
2024-07-16,59829.19,74846.44,39087.39,131710.56
2024-07-17,60514.0,76943.57,38701.36,131332.4
2024-07-18,59917.83,75500.92,37852.42,132919.91
2024-07-19,59782.42,72466.36,38273.77,133040.37
2024-07-20,60605.95,75515.73,39498.14,130213.43
2024-07-21,59647.63,74730.04,38899.26,130656.83
2024-07-22,60102.92,74029.54,38398.39,129487.38
2024-07-23,60155.53,74512.93,38232.33,132108.75
2024-07-24,59372.86,76139.91,38458.8,132519.34
2024-07-25,60710.12,77613.77,38053.4,129518.75
2024-07-26,59785.68,76405.99,36944.78,130885.09
2024-07-27,59330.21,75313.14,39854.09,129571.25
2024-07-28,60373.17,76598.81,38539.76,130268.18
2024-07-29,59234.35,75511.59,38716.2,132467.15
2024-07-30,59984.83,75239.76,38403.43,130564.65
2024-07-31,59964.15,74698.82,37935.85,131237.88
2024-08-01,60849.32,73992.63,38326.75,129272.39
2024-08-02,60369.52,75637.7,37343.79,132018.09
2024-08-03,59978.9,76306.04,40063.79,131695.44
2024-08-04,60662.29,76011.21,37612.13,130692.66
2024-08-05,61129.41,75638.77,37760.38,131526.82
2024-08-06,60472.65,75013.81,38181.04,132105.03
2024-08-07,60043.84,76889.38,39397.34,130636.53
2024-08-08,58995.25,74589.7,38512.31,129668.69
2024-08-09,59201.79,77112.27,37643.33,134615.69
2024-08-10,59818.86,74989.15,39393.12,130981.66
2024-08-11,59584.59,75299.66,39033.25,131810.68
2024-08-12,59931.78,74453.22,38904.92,133496.32
2024-08-13,60135.84,75622.46,39035.5,137297.89
2024-08-14,60523.43,77405.29,40217.0,130161.83
2024-08-15,60052.44,76864.44,40076.98,132727.54
2024-08-16,60507.2,77430.57,38073.18,131015.72
2024-08-17,60178.73,76893.81,39697.06,131293.11
2024-08-18,58555.94,74953.61,38835.03,131045.22
2024-08-19,59394.01,75891.85,38922.64,130461.3
2024-08-20,60039.36,75363.33,37395.15,132112.09
2024-08-21,59196.04,77907.03,38466.94,129986.52
2024-08-22,60652.9,74884.97,38023.7,133642.73
2024-08-23,61406.71,77404.33,39178.78,132329.27
2024-08-24,61166.28,77414.22,39355.36,132904.67
2024-08-25,60029.68,78548.99,37159.93,131595.98
2024-08-26,61402.17,75872.6,38603.11,131768.7
2024-08-27,60337.68,77229.79,39410.3,132775.1
2024-08-28,59958.24,79123.76,38500.79,130621.92
2024-08-29,59746.35,75655.38,39148.28,131855.26
2024-08-30,60004.25,74565.28,38890.21,131127.07
2024-08-31,59944.85,74162.09,38890.02,131104.88
2024-09-01,60400.88,77284.13,38467.41,129300.22
2024-09-02,60402.17,74179.87,37812.19,134498.21
2024-09-03,60285.3,76003.65,37885.19,131483.66
2024-09-04,60641.58,76985.98,39173.27,134282.78
2024-09-05,61253.7,76694.19,38696.81,134165.15
2024-09-06,61069.99,76993.29,38592.7,130657.21
2024-09-07,59131.59,76760.28,38399.4,130977.84
2024-09-08,58285.53,78038.95,38488.95,136475.45
2024-09-09,61085.28,75372.31,39441.89,135285.33
2024-09-10,59253.48,75713.47,38480.85,132635.91
2024-09-11,60176.33,75609.45,37783.24,133093.5
2024-09-12,59429.21,77543.64,39249.0,131785.41
2024-09-13,58932.88,77638.67,38591.5,133404.46
2024-09-14,60816.79,77110.44,38763.36,131704.4
2024-09-15,61000.1,77999.93,39873.15,129755.89
2024-09-16,59940.73,75176.87,38739.92,130846.33
2024-09-17,58338.27,78601.96,38963.2,132884.55
2024-09-18,59983.26,78439.96,37941.99,131180.55
2024-09-19,60742.86,77505.59,38619.94,132800.48
2024-09-20,59255.45,78771.78,39206.84,131313.65
2024-09-21,60594.43,74656.45,37697.88,131776.36
2024-09-22,60444.65,76025.83,38933.7,134253.89
2024-09-23,60929.49,75783.58,38870.12,133369.6
2024-09-24,60570.88,77542.5,38834.94,133008.13
2024-09-25,59705.92,75427.33,39538.51,134365.32
2024-09-26,61450.79,77607.27,39053.07,133792.03
2024-09-27,60375.87,78353.7,39860.08,135265.21
2024-09-28,60490.01,77554.07,38136.38,132429.82
2024-09-29,59774.4,77071.1,38933.51,132499.41
2024-09-30,60175.55,75555.93,38903.95,131216.44
2024-10-01,59831.49,75735.93,38102.81,132548.88
2024-10-02,60410.13,78262.47,39527.17,134663.75
2024-10-03,61927.02,77708.93,40491.5,135190.82
2024-10-04,59469.29,76737.66,38858.79,134705.54
2024-10-05,59285.12,76293.77,39230.67,130598.04
2024-10-06,61762.07,74375.07,38942.78,134938.3
2024-10-07,60426.83,75531.79,38390.58,130580.05
2024-10-08,60068.19,79121.29,37622.02,134709.24
2024-10-09,61444.53,75301.82,38408.98,132834.64
2024-10-10,60137.27,77076.51,37935.11,134464.36
2024-10-11,62091.73,78068.85,40108.82,131436.13
2024-10-12,61182.43,75364.78,38841.84,135215.8
2024-10-13,60258.92,77103.12,38686.74,131285.84
2024-10-14,62384.25,78017.74,39557.75,132504.86
2024-10-15,60182.99,76918.02,38156.58,132034.65
2024-10-16,61270.4,80355.88,38411.47,130924.61
2024-10-17,60925.32,74922.25,39002.39,133722.07
2024-10-18,61736.44,78205.82,39681.35,136313.66
2024-10-19,61953.41,76738.76,39318.85,137629.13
2024-10-20,60738.97,77883.2,39147.97,133798.75
2024-10-21,60119.79,77497.24,39035.29,135352.28
2024-10-22,61099.66,76098.66,39267.23,134049.65
2024-10-23,60198.67,77264.02,39134.69,134474.08
2024-10-24,62360.71,74770.52,38279.02,133236.78
2024-10-25,60868.39,77734.67,39038.72,134066.86
2024-10-26,60476.06,77379.34,38261.35,134604.71
2024-10-27,60925.22,77798.72,39076.15,132955.05
2024-10-28,59708.94,78312.85,38689.41,133730.74
2024-10-29,60018.51,77495.02,40809.89,133783.58
2024-10-30,61765.29,77242.36,39010.87,135135.08
2024-10-31,60288.6,76018.15,38062.29,132320.67
2024-11-01,59985.75,76231.54,38957.8,133866.65
2024-11-02,61261.76,78521.06,39421.74,136836.22
2024-11-03,61790.16,78831.36,40236.01,135738.55
2024-11-04,61425.92,76832.8,38658.5,136040.47
2024-11-05,61656.75,77184.51,37969.89,134077.6
2024-11-06,60263.64,76054.55,39655.84,134546.69
2024-11-07,59740.78,78558.17,38124.1,135592.79
2024-11-08,62088.46,77960.14,38791.67,136454.07
2024-11-09,60638.41,79501.87,38923.11,131210.53
2024-11-10,60705.04,76129.2,39061.17,132189.01
2024-11-11,61977.43,76740.36,39598.79,136150.59
2024-11-12,61369.01,77482.48,38644.3,133795.33
2024-11-13,61297.9,77991.3,38937.7,133227.33
2024-11-14,62674.35,76967.49,39125.79,132377.92
2024-11-15,60436.69,76189.52,39246.96,133450.88
2024-11-16,61702.94,78305.53,39217.19,132204.1
2024-11-17,61015.44,78123.98,39460.38,137468.54
2024-11-18,61193.86,76169.87,39752.33,134322.49
2024-11-19,62210.92,78906.7,39442.95,134293.46
2024-11-20,61403.57,78695.19,39492.08,135286.75
2024-11-21,61437.1,77462.88,38073.48,135872.4
2024-11-22,61873.63,77408.02,39222.66,135871.96
2024-11-23,60732.82,77988.15,39529.62,136087.8
2024-11-24,60362.58,76300.01,39710.69,133555.35
2024-11-25,60207.26,77380.87,38722.25,134079.06
2024-11-26,59479.18,74772.74,38752.03,135703.66
2024-11-27,62706.39,78418.13,38817.96,133783.27
2024-11-28,60188.02,75503.36,39601.78,134590.94
2024-11-29,60902.74,79192.03,39956.48,135220.99
2024-11-30,60867.45,77002.56,38954.0,135824.87
2024-12-01,61343.99,77155.48,39881.26,132004.81
2024-12-02,61759.81,76666.98,39338.59,135767.7
2024-12-03,61804.76,77085.39,39171.62,134369.24
2024-12-04,60659.08,79144.05,39117.12,135805.26
2024-12-05,61001.0,74467.22,39794.18,135933.72
2024-12-06,61369.92,78995.72,39505.92,137204.44
2024-12-07,60954.06,77879.77,40877.56,136846.99
2024-12-08,62448.05,76036.49,38694.39,136860.91
2024-12-09,61564.12,76205.31,39660.08,137030.81
2024-12-10,61768.4,79518.14,38933.44,135326.62
2024-12-11,61719.96,76382.63,38701.84,134962.07
2024-12-12,62137.59,76144.0,39309.2,136247.26
2024-12-13,61352.79,78903.57,39419.42,136060.41
2024-12-14,60179.67,77955.83,41372.46,134522.93
2024-12-15,61546.04,76434.83,39207.3,135618.01
2024-12-16,60714.37,77831.07,38551.55,134982.38
2024-12-17,60821.72,76350.99,39540.25,133778.37
2024-12-18,61722.86,78913.66,37903.36,137019.2
2024-12-19,62253.56,78877.09,39297.7,135190.56
2024-12-20,61289.11,78252.63,39379.75,138205.07
2024-12-21,61528.32,78058.99,39931.22,132718.01
2024-12-22,62652.18,79749.2,40063.0,134345.33
2024-12-23,61492.17,77646.18,39035.43,135253.7
2024-12-24,63390.07,76239.08,39288.97,136935.06
2024-12-25,61770.3,78207.47,38864.58,135852.44
2024-12-26,59918.44,80182.14,38617.68,135743.19
2024-12-27,61938.88,76471.94,39630.72,133610.83
2024-12-28,61650.29,77266.68,38528.75,133590.56
2024-12-29,62386.33,78210.94,39136.49,135833.97
2024-12-30,61902.23,77657.3,38736.57,133328.3
2024-12-31,61262.08,76553.99,39824.43,134600.89
2025-01-01,60402.57,79089.76,40707.12,136174.33
2025-01-02,61223.95,80538.36,38541.47,133973.71
2025-01-03,60719.91,78000.44,38161.94,137879.48
2025-01-04,60945.06,76690.98,39378.1,137331.59
2025-01-05,61889.5,75927.89,39482.97,133162.81
2025-01-06,62763.73,78106.98,39631.51,134145.62
2025-01-07,61752.7,79132.84,39172.49,132139.76
2025-01-08,60489.41,78389.17,39350.93,134418.79
2025-01-09,61810.96,77826.86,39755.1,136766.5
2025-01-10,62421.74,77133.39,40232.61,135020.32
2025-01-11,60985.77,76540.7,38142.24,136356.61
2025-01-12,61375.54,78863.77,39258.98,133406.15
2025-01-13,61503.67,78969.37,39673.37,136910.86
2025-01-14,60873.16,76028.74,38887.59,134905.48
2025-01-15,62028.86,79802.2,40748.46,135780.65
2025-01-16,61422.64,78594.06,39098.32,135647.33
2025-01-17,61864.18,79595.46,39520.66,133903.56
2025-01-18,60827.72,76316.17,39945.25,134105.5
2025-01-19,61196.91,76298.51,39148.6,137311.07
2025-01-20,62133.94,77769.51,38276.36,136482.11
2025-01-21,61266.93,78562.39,39275.37,137482.94
2025-01-22,62955.92,80125.46,40302.5,136419.1
2025-01-23,61263.8,78827.9,39352.54,136170.84
2025-01-24,61772.42,77700.16,39002.32,133391.59
2025-01-25,62347.9,76770.51,40249.26,135599.3
2025-01-26,60476.3,79488.93,39376.22,135988.02
2025-01-27,60211.5,76866.06,39257.11,138983.0
2025-01-28,60408.79,79988.65,39725.31,137108.02
2025-01-29,62648.54,77704.0,40166.68,138405.92
2025-01-30,61206.14,79964.73,41300.82,137022.38
2025-01-31,63703.35,78881.53,40219.15,135083.37
2025-02-01,61214.55,77913.19,40458.44,136350.26
2025-02-02,61822.75,77465.09,39298.84,136553.15
2025-02-03,62917.96,77690.05,38941.38,134814.33
2025-02-04,63298.3,78623.89,39709.58,135670.72
2025-02-05,63351.79,78213.28,39747.43,135962.9
2025-02-06,62678.44,77418.89,38923.92,138704.23
2025-02-07,62540.16,77943.48,39562.64,133198.93
2025-02-08,62204.09,78247.31,39971.33,138153.02
2025-02-09,62361.91,75609.31,39950.55,134963.34
2025-02-10,61307.44,78724.37,40057.74,134334.66
2025-02-11,61102.98,77009.68,39914.88,138186.94
2025-02-12,61764.0,76812.12,39362.77,137539.12
2025-02-13,61639.71,76182.08,39364.41,138347.3
2025-02-14,61422.44,76065.0,38891.34,137690.82
2025-02-15,62351.29,76601.91,40986.41,139603.78
2025-02-16,62567.58,77388.4,39752.95,137376.34
2025-02-17,61883.23,80593.91,39592.6,136327.78
2025-02-18,63003.68,77629.72,39106.31,137101.14
2025-02-19,60917.47,78484.85,41817.89,138476.2
2025-02-20,61685.05,78762.91,39018.07,135466.17
2025-02-21,61275.68,78450.38,39475.67,135681.65
2025-02-22,60365.07,78210.95,40073.41,136220.29
2025-02-23,61801.31,76880.3,40208.94,133551.1
2025-02-24,61779.22,80066.54,40465.81,136939.34
2025-02-25,63096.54,80504.84,41067.05,133927.27
2025-02-26,62399.58,76327.79,40162.5,136860.3
2025-02-27,61084.75,77128.92,39075.43,138102.89
2025-02-28,63396.53,78032.76,39641.26,136113.89
2025-03-01,62899.24,77221.86,40043.07,139369.12
2025-03-02,62397.25,78997.24,41281.81,134686.94
2025-03-03,61759.55,77526.94,38862.05,138688.83
2025-03-04,61182.34,81009.71,40688.79,137938.89
2025-03-05,61661.29,79851.07,39979.39,134376.38
2025-03-06,62839.21,78688.28,40446.4,141040.87
2025-03-07,63485.04,79676.35,39794.98,136903.3
2025-03-08,63221.12,79781.82,39283.14,135706.94
2025-03-09,61604.61,77788.78,40404.92,134936.78
2025-03-10,61109.16,77496.83,40343.88,136741.63
2025-03-11,62126.72,78580.84,40572.68,136904.79
2025-03-12,60608.42,79531.81,39889.39,137274.12
2025-03-13,62290.86,78675.49,39485.3,136697.7
2025-03-14,61923.4,76627.0,38820.49,138118.48
2025-03-15,61677.82,77566.78,40491.66,136611.44
2025-03-16,60784.04,78452.18,40221.29,134314.69
2025-03-17,62479.85,78460.93,39254.99,137017.34
2025-03-18,61651.96,80929.55,39560.5,133714.41
2025-03-19,61151.35,76910.09,39617.23,137820.53
2025-03-20,59798.63,79190.76,38912.34,135845.17
2025-03-21,62083.59,80381.76,39384.52,137583.4
2025-03-22,63532.56,81331.34,39169.68,139333.72
2025-03-23,63452.93,78131.1,39681.09,135963.73
2025-03-24,61767.4,79216.87,39459.2,139002.98
2025-03-25,61660.47,79321.64,38843.86,136785.26
2025-03-26,62526.42,78883.28,41405.04,140089.38
2025-03-27,61361.85,78540.87,40872.47,136936.11
2025-03-28,62411.15,79193.43,39456.84,136247.34
2025-03-29,62791.74,75642.34,40199.32,138563.19
2025-03-30,63169.59,79510.29,40307.31,136902.89
2025-03-31,62117.08,78854.0,40855.31,136318.64
2025-04-01,62043.42,78446.39,39454.99,136888.3
2025-04-02,61513.13,81180.37,40798.96,137562.4
2025-04-03,61563.17,77924.99,39657.41,139666.83
2025-04-04,62052.65,78262.0,39112.31,134776.67
2025-04-05,62536.89,81146.33,40560.77,137736.67
2025-04-06,62983.02,77768.77,40963.88,138663.65
2025-04-07,61618.77,78117.88,41878.35,138040.71
2025-04-08,63464.62,78612.36,39233.47,139739.58
2025-04-09,62062.73,79808.45,40568.99,137687.51
2025-04-10,62271.7,79059.71,39799.35,137546.45
2025-04-11,61700.18,77269.97,40641.02,138736.02
2025-04-12,60367.72,78193.29,39069.8,138020.74
2025-04-13,63023.51,78113.85,39221.66,137310.4
2025-04-14,62914.91,78760.78,39568.96,138694.47
2025-04-15,62109.53,79375.24,40173.81,136965.71
2025-04-16,62397.34,79376.85,39676.24,137051.98
2025-04-17,62765.66,76754.56,40592.8,137201.0
2025-04-18,61112.03,80173.28,40856.76,140046.85
2025-04-19,61947.99,79210.41,40564.1,133209.96
2025-04-20,63015.8,80579.54,41284.01,138659.13
2025-04-21,61386.12,79461.92,40448.41,138141.39
2025-04-22,62633.55,80261.24,39311.97,135592.92
2025-04-23,61322.6,79510.29,41124.62,138603.06
2025-04-24,62790.17,80576.68,39753.11,138876.34
2025-04-25,62397.67,79598.68,40820.48,139071.42
2025-04-26,61143.24,78865.26,41291.27,134233.46
2025-04-27,63376.3,81720.46,40515.8,140285.04
2025-04-28,61865.99,80071.15,39155.28,137153.09
2025-04-29,61814.62,79703.58,39566.3,139313.8
2025-04-30,62632.44,77494.3,41141.44,139419.8
2025-05-01,63400.05,77490.67,40103.6,137017.39
2025-05-02,61677.64,79398.67,40284.15,139347.37
2025-05-03,62548.81,79232.82,40766.09,137802.69
2025-05-04,62851.67,78332.02,40728.81,135298.11
2025-05-05,63072.26,79248.92,40443.0,140181.03
2025-05-06,62668.09,80996.87,40108.24,137291.1
2025-05-07,62242.48,79935.78,40041.91,137196.17
2025-05-08,61883.19,77742.86,40867.77,137897.56
2025-05-09,62623.33,78989.03,40661.21,138934.76
2025-05-10,61705.87,78167.66,40100.06,138464.74
2025-05-11,60235.66,78679.16,41044.12,139396.99
2025-05-12,62931.14,78658.83,40202.78,136589.9
2025-05-13,63314.2,78592.77,39703.41,137509.8
2025-05-14,60709.87,77670.56,39774.75,138473.63
2025-05-15,61801.59,79034.31,39627.38,141518.71
2025-05-16,63113.86,78525.55,40128.28,138525.4
2025-05-17,64273.69,75693.71,41189.04,140348.2
2025-05-18,62653.49,81683.39,39768.33,138802.44
2025-05-19,62063.61,80537.13,40470.3,138043.37
2025-05-20,62508.86,78789.82,39885.15,138423.02
2025-05-21,63764.23,79274.74,40169.08,138564.72
2025-05-22,62156.72,77856.95,39300.73,139747.06
2025-05-23,62043.3,81308.57,40209.85,140927.76
2025-05-24,62305.62,81561.23,40235.1,139429.61
2025-05-25,61938.31,79483.29,40755.36,140694.95
2025-05-26,62808.27,80534.27,40539.92,137491.39
2025-05-27,64019.03,79527.15,39551.21,138340.88
2025-05-28,62986.91,77723.52,41155.49,137900.62
2025-05-29,62535.72,78844.17,40550.23,139482.98
2025-05-30,62513.32,79507.45,40548.36,138497.12
2025-05-31,61505.37,78814.46,40409.52,140154.47
2025-06-01,63471.57,79108.31,40059.98,137687.55
2025-06-02,62711.98,79271.79,40581.34,139172.84
2025-06-03,62639.02,79295.19,40768.26,140162.83
2025-06-04,65347.05,79465.73,39218.98,136058.83
2025-06-05,63040.73,78141.07,40071.14,142363.48
2025-06-06,62209.45,78564.15,40276.28,138780.55
2025-06-07,62478.96,77893.84,40640.53,136191.97
2025-06-08,63747.96,80619.5,41302.99,139490.91
2025-06-09,62928.98,76930.12,39933.92,139328.18
2025-06-10,61696.9,80851.98,40132.03,139179.42
2025-06-11,63592.06,81142.07,40128.3,140813.3
2025-06-12,62331.33,79126.61,39932.47,140471.92
2025-06-13,64373.64,76376.24,40256.97,139821.81
2025-06-14,63748.2,79077.2,41046.03,140074.48
2025-06-15,62535.46,79444.53,39775.25,139266.95
2025-06-16,63927.29,78319.61,40818.87,142110.97
2025-06-17,62965.92,78924.84,39334.53,137253.19
2025-06-18,63603.02,81390.11,40139.39,139705.71
2025-06-19,63317.74,80362.57,40308.15,139618.01
2025-06-20,62262.03,78465.95,41717.66,140764.64
2025-06-21,62433.44,77669.09,40359.36,138303.18
2025-06-22,63781.4,79204.56,39017.32,136977.7
2025-06-23,62698.77,79351.61,39165.43,139852.69
2025-06-24,62652.84,80213.97,40594.94,140063.55
2025-06-25,62220.82,78986.93,41007.23,141900.35
2025-06-26,63332.95,80253.89,40846.87,137784.65
2025-06-27,64653.25,81973.05,40707.82,141446.48
2025-06-28,62158.37,80640.24,41410.56,143289.81
2025-06-29,63040.93,79614.71,40225.73,139196.28
2025-06-30,64160.49,79463.41,41236.35,137850.76
2025-07-01,62976.16,79265.96,39473.97,139200.96
2025-07-02,63410.93,81121.51,39989.38,139856.68
2025-07-03,62208.27,78962.74,39364.38,140705.6
2025-07-04,63409.99,79780.56,40443.38,138997.07
2025-07-05,62926.79,79798.51,40609.86,142241.2
2025-07-06,63874.25,79145.7,40728.58,138260.85
2025-07-07,64044.74,78111.66,40698.49,137348.09
2025-07-08,65175.64,80156.97,40012.35,141641.21
2025-07-09,63576.85,79706.97,40534.93,136593.46
2025-07-10,63382.94,80391.24,39626.36,139723.44
2025-07-11,63286.97,79161.4,41635.29,144730.4
2025-07-12,62858.09,81277.49,40474.96,140060.06
2025-07-13,63420.57,78771.15,40351.75,138421.22
2025-07-14,62922.62,81888.5,41812.69,140040.52
2025-07-15,63302.87,77747.66,39837.32,140074.66
2025-07-16,64231.34,80377.33,39925.45,140416.08
2025-07-17,62381.19,80436.9,39952.47,141192.75
2025-07-18,64107.48,78922.49,40678.78,138664.93
2025-07-19,64258.43,80397.2,41034.9,142779.17
2025-07-20,63119.45,81434.13,41257.0,140639.76
2025-07-21,61525.58,77249.3,42546.09,141386.53
2025-07-22,62745.96,80523.55,39177.55,139378.36
2025-07-23,64278.97,76939.11,41184.74,142274.4
2025-07-24,63232.24,78783.01,40375.09,139983.49
2025-07-25,62460.26,81907.59,40361.06,140809.65
2025-07-26,62865.04,79265.22,40344.18,139017.91
2025-07-27,63950.51,78565.48,40148.34,138946.41
2025-07-28,63724.56,79747.39,41970.12,141498.36
2025-07-29,63105.19,82477.18,41387.02,139824.89
2025-07-30,63012.04,77808.45,40820.12,139233.81
2025-07-31,63001.25,78755.67,41756.06,139574.02
2025-08-01,62585.89,81824.94,39758.04,141611.47
2025-08-02,64625.27,82268.04,39891.78,139643.73
2025-08-03,63084.28,79925.45,39305.16,140435.05
2025-08-04,64325.02,78573.48,40346.62,140658.32
2025-08-05,64577.51,82586.13,40955.86,137784.0
2025-08-06,64168.26,81995.23,40921.14,138477.58
2025-08-07,63033.48,80907.41,40960.14,141212.93
2025-08-08,63710.92,79128.57,39874.33,139627.21
2025-08-09,63377.73,80055.39,41430.74,142342.09
2025-08-10,62683.29,79932.57,41042.74,142231.46
2025-08-11,63674.9,80532.8,41394.6,141884.25
2025-08-12,62481.34,81887.75,39563.0,143559.4
2025-08-13,64383.87,81212.63,41112.44,140729.35
2025-08-14,63071.19,78875.25,40069.43,141851.56
2025-08-15,63612.98,81830.68,40629.2,140025.88
2025-08-16,63687.84,80565.41,41287.85,144605.28
2025-08-17,63263.24,81024.91,40984.02,143926.42
2025-08-18,63948.88,81971.06,40330.65,140993.04
2025-08-19,63108.76,78888.09,40937.58,141579.34
2025-08-20,64194.88,80189.77,39867.58,143062.65
2025-08-21,62430.22,79605.79,41751.31,140827.24
2025-08-22,63617.27,78372.88,40808.89,140087.26
2025-08-23,65076.47,80681.14,41742.04,142407.43
2025-08-24,62734.22,83289.73,40596.95,141238.35
2025-08-25,63001.45,78078.54,40605.48,141419.43
2025-08-26,63963.93,80258.68,40443.52,139917.77
2025-08-27,63705.63,81076.84,41598.24,138616.92
2025-08-28,63851.62,80466.66,40494.78,141571.89
2025-08-29,63971.63,80193.99,41449.06,142599.36
2025-08-30,64097.22,78781.46,40736.59,140927.45
2025-08-31,64486.36,80630.64,39627.6,143445.05
2025-09-01,63935.61,79453.95,40618.02,140258.78
2025-09-02,63423.91,77744.94,40198.33,139756.84
2025-09-03,64164.14,81817.13,41053.9,141262.3
2025-09-04,65155.14,81544.46,40203.35,141263.5
2025-09-05,63538.29,80467.17,41691.29,142566.59
2025-09-06,62873.93,80690.84,40985.82,140273.44
2025-09-07,64548.38,81715.91,40931.72,143512.27
2025-09-08,63575.57,80706.71,41521.62,144434.75
2025-09-09,61942.9,81533.1,41743.7,141449.9
2025-09-10,64368.13,80102.07,41061.36,143407.43
2025-09-11,63271.09,82044.21,40542.06,139972.37
2025-09-12,63636.09,80865.55,39846.58,143194.19
2025-09-13,63983.26,80724.24,40614.59,143176.52
2025-09-14,63879.23,78978.08,40669.24,142925.01
2025-09-15,64303.55,80857.28,41182.7,141630.75
2025-09-16,63396.76,79525.36,40872.62,137246.97
2025-09-17,64164.79,79768.54,41602.24,140740.0
2025-09-18,63555.83,79566.81,40698.07,140787.96
2025-09-19,64363.68,79276.55,41093.69,140283.7
2025-09-20,64274.08,83116.54,41968.88,141958.69
2025-09-21,63042.6,82175.19,41385.83,141171.12
2025-09-22,64668.89,82892.8,41110.99,140586.9
2025-09-23,63380.5,79131.66,40738.12,140259.86
2025-09-24,64464.87,80695.42,40722.69,140799.04
2025-09-25,64121.42,79068.48,40576.98,143578.8
2025-09-26,65307.29,79796.63,40800.17,140929.26
2025-09-27,63667.13,79540.49,41714.31,141172.64
2025-09-28,63575.61,82140.52,41036.49,141284.24
2025-09-29,63848.69,80188.32,40253.43,142502.02
2025-09-30,63630.84,81956.62,42442.46,142702.15
2025-10-01,64522.5,81410.29,41435.18,137475.04
2025-10-02,62598.65,83460.49,40232.81,143598.72
2025-10-03,63057.92,78931.56,40914.84,144245.07
2025-10-04,63055.78,82228.75,41308.22,140539.48
2025-10-05,64679.43,82104.18,42430.28,140680.56
2025-10-06,65296.83,79571.17,40467.86,141487.87
2025-10-07,63853.94,81958.56,41933.23,141053.49
2025-10-08,63811.6,81164.15,42236.11,142547.64
2025-10-09,64011.86,80498.58,40822.87,139316.2
2025-10-10,64894.48,79793.61,41075.14,140583.35
2025-10-11,63232.26,79930.17,40550.45,144593.28
2025-10-12,64173.99,83263.65,41139.9,140916.4
2025-10-13,64772.62,80815.47,41263.18,144198.12
2025-10-14,64402.49,81763.99,41757.01,142890.23
2025-10-15,64162.44,79887.13,42064.85,139667.56
2025-10-16,64820.77,79911.16,40784.52,143358.7
2025-10-17,61866.51,82156.14,39937.53,142253.46
2025-10-18,64580.55,79249.04,41306.25,141771.0
2025-10-19,63524.15,80381.05,41533.06,142845.88
2025-10-20,62592.07,80930.92,41508.64,143214.64
2025-10-21,64474.69,81034.51,41111.85,143588.33
2025-10-22,65173.82,80696.73,41434.31,144318.56
2025-10-23,63974.09,81397.4,42414.26,143187.63
2025-10-24,64855.51,81764.62,41627.13,140536.23
2025-10-25,65392.19,81825.53,41105.02,141913.45
2025-10-26,65163.46,79771.78,41022.71,147062.74
2025-10-27,65432.66,80624.53,41260.41,143759.15
2025-10-28,64723.55,82410.01,42531.49,146250.59
2025-10-29,64199.36,82060.65,41263.93,144814.06
2025-10-30,62866.6,79350.41,41384.85,143107.85
2025-10-31,63960.48,81430.4,41067.55,143221.51
2025-11-01,63491.89,78645.53,42180.93,142738.77
2025-11-02,65912.4,81086.49,42789.99,140211.18
2025-11-03,64044.1,83318.27,41740.0,142869.2
2025-11-04,64292.53,79914.25,41488.98,144682.39
2025-11-05,64644.31,80061.31,41463.25,141991.17
2025-11-06,64247.17,81990.11,39774.95,143532.8
2025-11-07,65577.48,79232.69,41972.04,144216.5
2025-11-08,63732.48,80335.52,41550.81,141598.84
2025-11-09,64395.45,81821.33,41763.2,142310.65
2025-11-10,63654.95,80355.24,40971.8,141484.99
2025-11-11,63202.06,80843.99,41207.17,141802.85
2025-11-12,63777.83,82030.95,41195.04,141128.94
2025-11-13,64246.77,81654.56,42204.36,141733.92
2025-11-14,63942.12,81479.66,41230.56,145238.02
2025-11-15,63740.78,80763.31,42960.02,141759.87
2025-11-16,63178.83,81625.11,41810.22,143347.02
2025-11-17,64246.55,81043.33,40622.11,142427.27
2025-11-18,63118.42,81751.95,41431.57,144974.12
2025-11-19,64939.4,80617.04,41071.84,145196.81
2025-11-20,64406.47,81005.06,39998.42,144550.42
2025-11-21,63183.64,80046.96,42660.58,143737.76
2025-11-22,64111.47,81203.68,42039.61,142956.21
2025-11-23,63766.27,80283.26,41927.12,141539.24
2025-11-24,64632.49,79930.39,41676.13,146266.59
2025-11-25,65458.68,81588.41,40599.4,142236.03
2025-11-26,62895.34,81544.08,41234.74,144395.25
2025-11-27,64496.65,82239.02,42168.99,145013.38
2025-11-28,64285.69,80792.99,40850.35,142615.36
2025-11-29,64960.02,81810.78,39820.43,145029.54
2025-11-30,64602.67,81992.85,41440.16,144643.09
2025-12-01,63839.7,81876.4,41506.37,146112.96
2025-12-02,64195.19,80362.66,41706.96,142841.24
2025-12-03,63822.77,81543.46,42128.5,141640.71
2025-12-04,65329.56,81811.97,42071.32,142835.52
2025-12-05,64494.96,81394.39,41812.6,143931.28
2025-12-06,66008.02,78892.78,42474.8,143729.56
2025-12-07,64447.7,81599.92,40581.12,143076.33
2025-12-08,63938.66,84073.14,42004.07,140826.94
2025-12-09,63303.58,80996.83,42095.9,144420.7
2025-12-10,63081.2,80565.96,40796.1,146697.74
2025-12-11,63265.56,81898.45,40618.25,144459.85
2025-12-12,64755.73,81836.06,41154.56,144701.42
2025-12-13,64958.17,82903.26,41220.11,144670.63
2025-12-14,63295.39,79973.32,42217.05,144431.78
2025-12-15,65285.53,82371.19,41265.94,145257.95
2025-12-16,64192.21,82212.82,41103.14,144477.76
2025-12-17,64705.26,81344.51,41280.91,143439.93
2025-12-18,65886.76,81932.29,42498.56,142739.21
2025-12-19,65323.61,82771.99,41731.11,143583.97
2025-12-20,64400.48,82594.19,41602.97,144452.88
2025-12-21,63911.51,80186.57,41657.91,143531.8
2025-12-22,62912.17,82553.16,42645.82,144501.68
2025-12-23,64067.46,81502.12,41223.42,144713.14
2025-12-24,64483.04,81677.97,42675.17,145328.43
2025-12-25,63871.36,81689.13,41908.12,146027.1
2025-12-26,64565.25,81431.78,41654.95,144244.17
2025-12-27,64740.9,83052.89,43524.34,142189.74
2025-12-28,64508.69,81533.16,41041.22,143657.99
2025-12-29,64177.74,80300.94,41539.06,144265.99
2025-12-30,64841.82,81182.94,40930.4,141470.48
2025-12-31,65069.61,81880.38,42466.29,146331.38
2026-01-01,63852.9,83151.78,42988.47,144486.2
2026-01-02,65863.12,82411.21,42981.45,144868.9
2026-01-03,64664.66,80677.63,42675.73,146369.41
2026-01-04,64767.77,84691.28,41687.1,143400.15
2026-01-05,65328.42,82037.56,41576.23,145230.67
2026-01-06,64957.59,83261.07,40668.54,144229.06
2026-01-07,65542.68,81559.32,43269.94,144141.97
2026-01-08,65019.03,82392.19,42179.58,143284.06
2026-01-09,64308.54,82770.29,41513.39,146965.0
2026-01-10,65096.85,83235.54,42793.86,143927.59
2026-01-11,63901.83,83053.32,41189.75,145564.28
2026-01-12,64912.82,82841.9,42161.79,141726.82
2026-01-13,64808.55,81427.93,41762.78,146333.56
2026-01-14,64677.8,81130.72,42337.16,146166.14
2026-01-15,64750.62,82226.72,41852.05,144758.22
2026-01-16,63357.13,82958.12,40887.37,144295.9
2026-01-17,64432.79,81581.87,41962.39,145260.56
2026-01-18,64955.2,83138.12,42650.15,148117.99
2026-01-19,65017.97,83613.83,41901.96,142064.2
2026-01-20,64077.11,80781.88,42471.46,145906.34
2026-01-21,65920.97,80887.94,41203.47,143390.12
2026-01-22,64224.62,81734.57,41923.43,144751.91
2026-01-23,65702.29,82282.93,41511.12,144434.21
2026-01-24,65277.64,81295.09,42477.63,144187.8
2026-01-25,64428.06,83557.99,41983.25,144838.83
2026-01-26,66374.45,82455.0,42450.72,143177.51
2026-01-27,64008.45,82004.23,42735.54,146446.79
2026-01-28,65707.84,80244.58,42464.74,142236.05
2026-01-29,65782.15,80399.47,42178.25,145761.16
2026-01-30,64454.34,82326.44,41294.79,144485.95
2026-01-31,66113.97,79440.89,41998.05,143243.61
